idPlayer,namePlayer,urlPlayerHeadshot
1630173,Precious Achiuwa,https://ak-static.cms.nba.com/wp-content/uploads/headshots/nba/latest/260x190/1630173.png
1629121,Jaylen Adams,https://ak-static.cms.nba.com/wp-content/uploads/headshots/nba/latest/260x190/1629121.png
203500,Steven Adams,https://ak-static.cms.nba.com/wp-content/uploads/headshots/nba/latest/260x190/203500.png
1628389,Bam Adebayo,https://ak-static.cms.nba.com/wp-content/uploads/headshots/nba/latest/260x190/1628389.png
1630534,Ochai Agbaji,https://ak-static.cms.nba.com/wp-content/uploads/headshots/nba/latest/260x190/1630534.png
1630583,Santi Aldama,https://ak-static.cms.nba.com/wp-content/uploads/headshots/nba/latest/260x190/1630583.png
200746,LaMarcus Aldridge,https://ak-static.cms.nba.com/wp-content/uploads/headshots/nba/latest/260x190/200746.png
1629734,Kyle Alexander,https://ak-static.cms.nba.com/wp-content/uploads/headshots/nba/latest/260x190/1629734.png
1630234,Ty-Shon Alexander,https://ak-static.cms.nba.com/wp-content/uploads/headshots/nba/latest/260x190/1630234.png
1629638,Nickeil Alexander-Walker,https://ak-static.cms.nba.com/wp-content/uploads/headshots/nba/latest/260x190/1629638.png
1628960,Grayson Allen,https://ak-static.cms.nba.com/wp-content/uploads/headshots/nba/latest/260x190/1628960.png
1628386,Jarrett Allen,https://ak-static.cms.nba.com/wp-content/uploads/headshots/nba/latest/260x190/1628386.png
1628443,Kadeem Allen,https://ak-static.cms.nba.com/wp-content/uploads/headshots/nba/latest/260x190/1628443.png
1630631,Jose Alvarado,https://ak-static.cms.nba.com/wp-content/uploads/headshots/nba/latest/260x190/1630631.png
202329,Al-Farouq Aminu,https://ak-static.cms.nba.com/wp-content/uploads/headshots/nba/latest/260x190/202329.png
1626147,Justin Anderson,https://ak-static.cms.nba.com/wp-content/uploads/headshots/nba/latest/260x190/1626147.png
203937,Kyle Anderson,https://ak-static.cms.nba.com/wp-content/uploads/headshots/nba/latest/260x190/203937.png
201583,Ryan Anderson,https://ak-static.cms.nba.com/wp-content/uploads/headshots/nba/latest/260x190/201583.png
203507,Giannis Antetokounmpo,https://ak-static.cms.nba.com/wp-content/uploads/headshots/nba/latest/260x190/203507.png
1628961,Kostas Antetokounmpo,https://ak-static.cms.nba.com/wp-content/uploads/headshots/nba/latest/260x190/1628961.png
203648,Thanasis Antetokounmpo,https://ak-static.cms.nba.com/wp-content/uploads/headshots/nba/latest/260x190/203648.png
2546,Carmelo Anthony,https://ak-static.cms.nba.com/wp-content/uploads/headshots/nba/latest/260x190/2546.png
1630175,Cole Anthony,https://ak-static.cms.nba.com/wp-content/uploads/headshots/nba/latest/260x190/1630175.png
1628384,O.G. Anunoby,https://ak-static.cms.nba.com/wp-content/uploads/headshots/nba/latest/260x190/1628384.png
1627853,Ryan Arcidiacono,https://ak-static.cms.nba.com/wp-content/uploads/headshots/nba/latest/260x190/1627853.png
2772,Trevor Ariza,https://ak-static.cms.nba.com/wp-content/uploads/headshots/nba/latest/260x190/2772.png
201571,D.J. Augustin,https://ak-static.cms.nba.com/wp-content/uploads/headshots/nba/latest/260x190/201571.png
1630166,Deni Avdija,https://ak-static.cms.nba.com/wp-content/uploads/headshots/nba/latest/260x190/1630166.png
1630555,Joel Ayayi,https://ak-static.cms.nba.com/wp-content/uploads/headshots/nba/latest/260x190/1630555.png
1629028,Deandre Ayton,https://ak-static.cms.nba.com/wp-content/uploads/headshots/nba/latest/260x190/1629028.png
1628962,Udoka Azubuike,https://ak-static.cms.nba.com/wp-content/uploads/headshots/nba/latest/260x190/1628962.png
1628407,Dwayne Bacon,https://ak-static.cms.nba.com/wp-content/uploads/headshots/nba/latest/260x190/1628407.png
1630641,Ibou Badji,https://ak-static.cms.nba.com/wp-content/uploads/headshots/nba/latest/260x190/1630641.png
1628963,Marvin Bagley III,https://ak-static.cms.nba.com/wp-content/uploads/headshots/nba/latest/260x190/1628963.png
1631116,Patrick Baldwin Jr.,https://ak-static.cms.nba.com/wp-content/uploads/headshots/nba/latest/260x190/1631116.png
1630163,LaMelo Ball,https://ak-static.cms.nba.com/wp-content/uploads/headshots/nba/latest/260x190/1630163.png
1628366,Lonzo Ball,https://ak-static.cms.nba.com/wp-content/uploads/headshots/nba/latest/260x190/1628366.png
1628964,Mo Bamba,https://ak-static.cms.nba.com/wp-content/uploads/headshots/nba/latest/260x190/1628964.png
1631094,Paolo Banchero,https://ak-static.cms.nba.com/wp-content/uploads/headshots/nba/latest/260x190/1631094.png
1630217,Desmond Bane,https://ak-static.cms.nba.com/wp-content/uploads/headshots/nba/latest/260x190/1630217.png
1630625,Dalano Banton,https://ak-static.cms.nba.com/wp-content/uploads/headshots/nba/latest/260x190/1630625.png
1627760,Cat Barber,https://ak-static.cms.nba.com/wp-content/uploads/headshots/nba/latest/260x190/1627760.png
200826,J.J. Barea,https://ak-static.cms.nba.com/wp-content/uploads/headshots/nba/latest/260x190/200826.png
1631230,Dominick Barlow,https://ak-static.cms.nba.com/wp-content/uploads/headshots/nba/latest/260x190/1631230.png
203084,Harrison Barnes,https://ak-static.cms.nba.com/wp-content/uploads/headshots/nba/latest/260x190/203084.png
1630567,Scottie Barnes,https://ak-static.cms.nba.com/wp-content/uploads/headshots/nba/latest/260x190/1630567.png
1629628,RJ Barrett,https://ak-static.cms.nba.com/wp-content/uploads/headshots/nba/latest/260x190/1629628.png
203115,Will Barton,https://ak-static.cms.nba.com/wp-content/uploads/headshots/nba/latest/260x190/203115.png
1628238,Paris Bass,https://ak-static.cms.nba.com/wp-content/uploads/headshots/nba/latest/260x190/1628238.png
1629646,Charles Bassey,https://ak-static.cms.nba.com/wp-content/uploads/headshots/nba/latest/260x190/1629646.png
1628966,Keita Bates-Diop,https://ak-static.cms.nba.com/wp-content/uploads/headshots/nba/latest/260x190/1628966.png
201587,Nicolas Batum,https://ak-static.cms.nba.com/wp-content/uploads/headshots/nba/latest/260x190/201587.png
203382,Aron Baynes,https://ak-static.cms.nba.com/wp-content/uploads/headshots/nba/latest/260x190/203382.png
203145,Kent Bazemore,https://ak-static.cms.nba.com/wp-content/uploads/headshots/nba/latest/260x190/203145.png
1629647,Darius Bazley,https://ak-static.cms.nba.com/wp-content/uploads/headshots/nba/latest/260x190/1629647.png
203078,Bradley Beal,https://ak-static.cms.nba.com/wp-content/uploads/headshots/nba/latest/260x190/203078.png
1627736,Malik Beasley,https://ak-static.cms.nba.com/wp-content/uploads/headshots/nba/latest/260x190/1627736.png
1630699,MarJon Beauchamp,https://ak-static.cms.nba.com/wp-content/uploads/headshots/nba/latest/260x190/1630699.png
201158,Marco Belinelli,https://ak-static.cms.nba.com/wp-content/uploads/headshots/nba/latest/260x190/201158.png
1628395,Jordan Bell,https://ak-static.cms.nba.com/wp-content/uploads/headshots/nba/latest/260x190/1628395.png
1627761,DeAndre' Bembry,https://ak-static.cms.nba.com/wp-content/uploads/headshots/nba/latest/260x190/1627761.png
1627733,Dragan Bender,https://ak-static.cms.nba.com/wp-content/uploads/headshots/nba/latest/260x190/1627733.png
202722,Davis Bertans,https://ak-static.cms.nba.com/wp-content/uploads/headshots/nba/latest/260x190/202722.png
201976,Patrick Beverley,https://ak-static.cms.nba.com/wp-content/uploads/headshots/nba/latest/260x190/201976.png
1630180,Saddiq Bey,https://ak-static.cms.nba.com/wp-content/uploads/headshots/nba/latest/260x190/1630180.png
1630189,Tyler Bey,https://ak-static.cms.nba.com/wp-content/uploads/headshots/nba/latest/260x190/1630189.png
203920,Khem Birch,https://ak-static.cms.nba.com/wp-content/uploads/headshots/nba/latest/260x190/203920.png
1629048,Goga Bitadze,https://ak-static.cms.nba.com/wp-content/uploads/headshots/nba/latest/260x190/1629048.png
202687,Bismack Biyombo,https://ak-static.cms.nba.com/wp-content/uploads/headshots/nba/latest/260x190/202687.png
202357,Nemanja Bjelica,https://ak-static.cms.nba.com/wp-content/uploads/headshots/nba/latest/260x190/202357.png
202339,Eric Bledsoe,https://ak-static.cms.nba.com/wp-content/uploads/headshots/nba/latest/260x190/202339.png
1629833,Keljin Blevins,https://ak-static.cms.nba.com/wp-content/uploads/headshots/nba/latest/260x190/1629833.png
1631205,Buddy Boeheim,https://ak-static.cms.nba.com/wp-content/uploads/headshots/nba/latest/260x190/1631205.png
203992,Bogdan Bogdanovic,https://ak-static.cms.nba.com/wp-content/uploads/headshots/nba/latest/260x190/203992.png
202711,Bojan Bogdanovic,https://ak-static.cms.nba.com/wp-content/uploads/headshots/nba/latest/260x190/202711.png
1629626,Bol Bol,https://ak-static.cms.nba.com/wp-content/uploads/headshots/nba/latest/260x190/1629626.png
1628413,Jonah Bolden,https://ak-static.cms.nba.com/wp-content/uploads/headshots/nba/latest/260x190/1628413.png
1629716,Marques Bolden,https://ak-static.cms.nba.com/wp-content/uploads/headshots/nba/latest/260x190/1629716.png
1630195,Leandro Bolmaro,https://ak-static.cms.nba.com/wp-content/uploads/headshots/nba/latest/260x190/1630195.png
1629648,Jordan Bone,https://ak-static.cms.nba.com/wp-content/uploads/headshots/nba/latest/260x190/1629648.png
1629067,Isaac Bonga,https://ak-static.cms.nba.com/wp-content/uploads/headshots/nba/latest/260x190/1629067.png
1626164,Devin Booker,https://ak-static.cms.nba.com/wp-content/uploads/headshots/nba/latest/260x190/1626164.png
1630527,Brandon Boston Jr.,https://ak-static.cms.nba.com/wp-content/uploads/headshots/nba/latest/260x190/1630527.png
1628449,Chris Boucher,https://ak-static.cms.nba.com/wp-content/uploads/headshots/nba/latest/260x190/1628449.png
1630547,James Bouknight,https://ak-static.cms.nba.com/wp-content/uploads/headshots/nba/latest/260x190/1630547.png
1631123,Jamaree Bouyea,https://ak-static.cms.nba.com/wp-content/uploads/headshots/nba/latest/260x190/1631123.png
1628968,Brian Bowen II,https://ak-static.cms.nba.com/wp-content/uploads/headshots/nba/latest/260x190/1628968.png
1629065,Ky Bowman,https://ak-static.cms.nba.com/wp-content/uploads/headshots/nba/latest/260x190/1629065.png
202340,Avery Bradley,https://ak-static.cms.nba.com/wp-content/uploads/headshots/nba/latest/260x190/202340.png
1628396,Tony Bradley,https://ak-static.cms.nba.com/wp-content/uploads/headshots/nba/latest/260x190/1628396.png
1631103,Malaki Branham,https://ak-static.cms.nba.com/wp-content/uploads/headshots/nba/latest/260x190/1631103.png
1629714,Jarrell Brantley,https://ak-static.cms.nba.com/wp-content/uploads/headshots/nba/latest/260x190/1629714.png
1631128,Christian Braun,https://ak-static.cms.nba.com/wp-content/uploads/headshots/nba/latest/260x190/1631128.png
1629649,Ignas Brazdeikis,https://ak-static.cms.nba.com/wp-content/uploads/headshots/nba/latest/260x190/1629649.png
201147,Corey Brewer,https://ak-static.cms.nba.com/wp-content/uploads/headshots/nba/latest/260x190/201147.png
1628969,Mikal Bridges,https://ak-static.cms.nba.com/wp-content/uploads/headshots/nba/latest/260x190/1628969.png
1628970,Miles Bridges,https://ak-static.cms.nba.com/wp-content/uploads/headshots/nba/latest/260x190/1628970.png
1628578,Amida Brimah,https://ak-static.cms.nba.com/wp-content/uploads/headshots/nba/latest/260x190/1628578.png
1629052,Oshae Brissett,https://ak-static.cms.nba.com/wp-content/uploads/headshots/nba/latest/260x190/1629052.png
1629151,Ryan Broekhoff,https://ak-static.cms.nba.com/wp-content/uploads/headshots/nba/latest/260x190/1629151.png
1627763,Malcolm Brogdon,https://ak-static.cms.nba.com/wp-content/uploads/headshots/nba/latest/260x190/1627763.png
1629717,Armoni Brooks,https://ak-static.cms.nba.com/wp-content/uploads/headshots/nba/latest/260x190/1629717.png
1628415,Dillon Brooks,https://ak-static.cms.nba.com/wp-content/uploads/headshots/nba/latest/260x190/1628415.png
1628971,Bruce Brown,https://ak-static.cms.nba.com/wp-content/uploads/headshots/nba/latest/260x190/1628971.png
1627759,Jaylen Brown,https://ak-static.cms.nba.com/wp-content/uploads/headshots/nba/latest/260x190/1627759.png
1631112,Kendall Brown,https://ak-static.cms.nba.com/wp-content/uploads/headshots/nba/latest/260x190/1631112.png
1629650,Moses Brown,https://ak-static.cms.nba.com/wp-content/uploads/headshots/nba/latest/260x190/1629650.png
1628425,Sterling Brown,https://ak-static.cms.nba.com/wp-content/uploads/headshots/nba/latest/260x190/1628425.png
1630535,Greg Brown III,https://ak-static.cms.nba.com/wp-content/uploads/headshots/nba/latest/260x190/1630535.png
1629718,Charlie Brown Jr.,https://ak-static.cms.nba.com/wp-content/uploads/headshots/nba/latest/260x190/1629718.png
1630602,Chaundee Brown Jr.,https://ak-static.cms.nba.com/wp-content/uploads/headshots/nba/latest/260x190/1630602.png
1628972,Troy Brown Jr.,https://ak-static.cms.nba.com/wp-content/uploads/headshots/nba/latest/260x190/1628972.png
1628973,Jalen Brunson,https://ak-static.cms.nba.com/wp-content/uploads/headshots/nba/latest/260x190/1628973.png
1629091,Elijah Bryant,https://ak-static.cms.nba.com/wp-content/uploads/headshots/nba/latest/260x190/1629091.png
1628418,Thomas Bryant,https://ak-static.cms.nba.com/wp-content/uploads/headshots/nba/latest/260x190/1628418.png
1629783,Shaq Buchanan,https://ak-static.cms.nba.com/wp-content/uploads/headshots/nba/latest/260x190/1629783.png
203493,Reggie Bullock,https://ak-static.cms.nba.com/wp-content/uploads/headshots/nba/latest/260x190/203493.png
203504,Trey Burke,https://ak-static.cms.nba.com/wp-content/uploads/headshots/nba/latest/260x190/203504.png
202692,Alec Burks,https://ak-static.cms.nba.com/wp-content/uploads/headshots/nba/latest/260x190/202692.png
1629126,Deonte Burton,https://ak-static.cms.nba.com/wp-content/uploads/headshots/nba/latest/260x190/1629126.png
1630215,Jared Butler,https://ak-static.cms.nba.com/wp-content/uploads/headshots/nba/latest/260x190/1630215.png
202710,Jimmy Butler,https://ak-static.cms.nba.com/wp-content/uploads/headshots/nba/latest/260x190/202710.png
1631219,John Butler Jr.,https://ak-static.cms.nba.com/wp-content/uploads/headshots/nba/latest/260x190/1631219.png
203998,Bruno Caboclo,https://ak-static.cms.nba.com/wp-content/uploads/headshots/nba/latest/260x190/203998.png
1629719,Devontae Cacok,https://ak-static.cms.nba.com/wp-content/uploads/headshots/nba/latest/260x190/1629719.png
1631288,Jamal Cain,https://ak-static.cms.nba.com/wp-content/uploads/headshots/nba/latest/260x190/1631288.png
203484,Kentavious Caldwell-Pope,https://ak-static.cms.nba.com/wp-content/uploads/headshots/nba/latest/260x190/203484.png
1630267,Facundo Campazzo,https://ak-static.cms.nba.com/wp-content/uploads/headshots/nba/latest/260x190/1630267.png
1628427,Vlatko Cancar,https://ak-static.cms.nba.com/wp-content/uploads/headshots/nba/latest/260x190/1628427.png
1629962,Devin Cannady,https://ak-static.cms.nba.com/wp-content/uploads/headshots/nba/latest/260x190/1629962.png
203991,Clint Capela,https://ak-static.cms.nba.com/wp-content/uploads/headshots/nba/latest/260x190/203991.png
1630176,Vernon Carey Jr.,https://ak-static.cms.nba.com/wp-content/uploads/headshots/nba/latest/260x190/1630176.png
201960,DeMarre Carroll,https://ak-static.cms.nba.com/wp-content/uploads/headshots/nba/latest/260x190/201960.png
1628975,Jevon Carter,https://ak-static.cms.nba.com/wp-content/uploads/headshots/nba/latest/260x190/1628975.png
1713,Vince Carter,https://ak-static.cms.nba.com/wp-content/uploads/headshots/nba/latest/260x190/1713.png
1628976,Wendell Carter Jr.,https://ak-static.cms.nba.com/wp-content/uploads/headshots/nba/latest/260x190/1628976.png
203487,Michael Carter-Williams,https://ak-static.cms.nba.com/wp-content/uploads/headshots/nba/latest/260x190/203487.png
1627936,Alex Caruso,https://ak-static.cms.nba.com/wp-content/uploads/headshots/nba/latest/260x190/1627936.png
1626161,Willie Cauley-Stein,https://ak-static.cms.nba.com/wp-content/uploads/headshots/nba/latest/260x190/1626161.png
1629958,Ahmad Caver,https://ak-static.cms.nba.com/wp-content/uploads/headshots/nba/latest/260x190/1629958.png
1630577,Julian Champagnie,https://ak-static.cms.nba.com/wp-content/uploads/headshots/nba/latest/260x190/1630577.png
1630551,Justin Champagnie,https://ak-static.cms.nba.com/wp-content/uploads/headshots/nba/latest/260x190/1630551.png
1631113,Kennedy Chandler,https://ak-static.cms.nba.com/wp-content/uploads/headshots/nba/latest/260x190/1631113.png
2199,Tyson Chandler,https://ak-static.cms.nba.com/wp-content/uploads/headshots/nba/latest/260x190/2199.png
201163,Wilson Chandler,https://ak-static.cms.nba.com/wp-content/uploads/headshots/nba/latest/260x190/201163.png
1629147,Joe Chealey,https://ak-static.cms.nba.com/wp-content/uploads/headshots/nba/latest/260x190/1629147.png
1629597,Zylan Cheatham,https://ak-static.cms.nba.com/wp-content/uploads/headshots/nba/latest/260x190/1629597.png
1629185,Chris Chiozza,https://ak-static.cms.nba.com/wp-content/uploads/headshots/nba/latest/260x190/1629185.png
1627737,Marquese Chriss,https://ak-static.cms.nba.com/wp-content/uploads/headshots/nba/latest/260x190/1627737.png
1631108,Max Christie,https://ak-static.cms.nba.com/wp-content/uploads/headshots/nba/latest/260x190/1631108.png
1630528,Josh Christopher,https://ak-static.cms.nba.com/wp-content/uploads/headshots/nba/latest/260x190/1630528.png
1629109,Gary Clark,https://ak-static.cms.nba.com/wp-content/uploads/headshots/nba/latest/260x190/1629109.png
1629634,Brandon Clarke,https://ak-static.cms.nba.com/wp-content/uploads/headshots/nba/latest/260x190/1629634.png
203903,Jordan Clarkson,https://ak-static.cms.nba.com/wp-content/uploads/headshots/nba/latest/260x190/203903.png
1629651,Nic Claxton,https://ak-static.cms.nba.com/wp-content/uploads/headshots/nba/latest/260x190/1629651.png
1629598,Chris Clemons,https://ak-static.cms.nba.com/wp-content/uploads/headshots/nba/latest/260x190/1629598.png
1628499,Antonius Cleveland,https://ak-static.cms.nba.com/wp-content/uploads/headshots/nba/latest/260x190/1628499.png
1629599,Amir Coffey,https://ak-static.cms.nba.com/wp-content/uploads/headshots/nba/latest/260x190/1629599.png
1628381,John Collins,https://ak-static.cms.nba.com/wp-content/uploads/headshots/nba/latest/260x190/1628381.png
1628380,Zach Collins,https://ak-static.cms.nba.com/wp-content/uploads/headshots/nba/latest/260x190/1628380.png
201954,Darren Collison,https://ak-static.cms.nba.com/wp-content/uploads/headshots/nba/latest/260x190/201954.png
201144,Mike Conley,https://ak-static.cms.nba.com/wp-content/uploads/headshots/nba/latest/260x190/201144.png
1626192,Pat Connaughton,https://ak-static.cms.nba.com/wp-content/uploads/headshots/nba/latest/260x190/1626192.png
1626188,Quinn Cook,https://ak-static.cms.nba.com/wp-content/uploads/headshots/nba/latest/260x190/1626188.png
1629076,Tyler Cook,https://ak-static.cms.nba.com/wp-content/uploads/headshots/nba/latest/260x190/1629076.png
1641645,Xavier Cooks,https://ak-static.cms.nba.com/wp-content/uploads/headshots/nba/latest/260x190/1641645.png
1630536,Sharife Cooper,https://ak-static.cms.nba.com/wp-content/uploads/headshots/nba/latest/260x190/1630536.png
1627822,Petr Cornelie,https://ak-static.cms.nba.com/wp-content/uploads/headshots/nba/latest/260x190/1627822.png
202326,DeMarcus Cousins,https://ak-static.cms.nba.com/wp-content/uploads/headshots/nba/latest/260x190/202326.png
203496,Robert Covington,https://ak-static.cms.nba.com/wp-content/uploads/headshots/nba/latest/260x190/203496.png
203459,Allen Crabbe,https://ak-static.cms.nba.com/wp-content/uploads/headshots/nba/latest/260x190/203459.png
1628470,Torrey Craig,https://ak-static.cms.nba.com/wp-content/uploads/headshots/nba/latest/260x190/1628470.png
2037,Jamal Crawford,https://ak-static.cms.nba.com/wp-content/uploads/headshots/nba/latest/260x190/2037.png
203109,Jae Crowder,https://ak-static.cms.nba.com/wp-content/uploads/headshots/nba/latest/260x190/203109.png
1629633,Jarrett Culver,https://ak-static.cms.nba.com/wp-content/uploads/headshots/nba/latest/260x190/1629633.png
1629600,Jarron Cumberland,https://ak-static.cms.nba.com/wp-content/uploads/headshots/nba/latest/260x190/1629600.png
1630595,Cade Cunningham,https://ak-static.cms.nba.com/wp-content/uploads/headshots/nba/latest/260x190/1630595.png
203552,Seth Curry,https://ak-static.cms.nba.com/wp-content/uploads/headshots/nba/latest/260x190/203552.png
201939,Stephen Curry,https://ak-static.cms.nba.com/wp-content/uploads/headshots/nba/latest/260x190/201939.png
1630700,Dyson Daniels,https://ak-static.cms.nba.com/wp-content/uploads/headshots/nba/latest/260x190/1630700.png
203584,Troy Daniels,https://ak-static.cms.nba.com/wp-content/uploads/headshots/nba/latest/260x190/203584.png
1630268,Nate Darling,https://ak-static.cms.nba.com/wp-content/uploads/headshots/nba/latest/260x190/1630268.png
203076,Anthony Davis,https://ak-static.cms.nba.com/wp-content/uploads/headshots/nba/latest/260x190/203076.png
202334,Ed Davis,https://ak-static.cms.nba.com/wp-content/uploads/headshots/nba/latest/260x190/202334.png
1631098,Johnny Davis,https://ak-static.cms.nba.com/wp-content/uploads/headshots/nba/latest/260x190/1631098.png
1629056,Terence Davis,https://ak-static.cms.nba.com/wp-content/uploads/headshots/nba/latest/260x190/1629056.png
1631120,JD Davison,https://ak-static.cms.nba.com/wp-content/uploads/headshots/nba/latest/260x190/1631120.png
1630620,Darius Days,https://ak-static.cms.nba.com/wp-content/uploads/headshots/nba/latest/260x190/1630620.png
1629602,Javin DeLaurier,https://ak-static.cms.nba.com/wp-content/uploads/headshots/nba/latest/260x190/1629602.png
201942,DeMar DeRozan,https://ak-static.cms.nba.com/wp-content/uploads/headshots/nba/latest/260x190/201942.png
1630466,Gabriel Deck,https://ak-static.cms.nba.com/wp-content/uploads/headshots/nba/latest/260x190/1630466.png
203473,Dewayne Dedmon,https://ak-static.cms.nba.com/wp-content/uploads/headshots/nba/latest/260x190/203473.png
1626155,Sam Dekker,https://ak-static.cms.nba.com/wp-content/uploads/headshots/nba/latest/260x190/1626155.png
203521,Matthew Dellavedova,https://ak-static.cms.nba.com/wp-content/uploads/headshots/nba/latest/260x190/203521.png
1628978,Donte DiVincenzo,https://ak-static.cms.nba.com/wp-content/uploads/headshots/nba/latest/260x190/1628978.png
1631217,Moussa Diabate,https://ak-static.cms.nba.com/wp-content/uploads/headshots/nba/latest/260x190/1631217.png
1629603,Mamadi Diakite,https://ak-static.cms.nba.com/wp-content/uploads/headshots/nba/latest/260x190/1629603.png
1627767,Cheick Diallo,https://ak-static.cms.nba.com/wp-content/uploads/headshots/nba/latest/260x190/1627767.png
1628977,Hamidou Diallo,https://ak-static.cms.nba.com/wp-content/uploads/headshots/nba/latest/260x190/1628977.png
203476,Gorgui Dieng,https://ak-static.cms.nba.com/wp-content/uploads/headshots/nba/latest/260x190/203476.png
1631172,Ousmane Dieng,https://ak-static.cms.nba.com/wp-content/uploads/headshots/nba/latest/260x190/1631172.png
203915,Spencer Dinwiddie,https://ak-static.cms.nba.com/wp-content/uploads/headshots/nba/latest/260x190/203915.png
1629029,Luka Doncic,https://ak-static.cms.nba.com/wp-content/uploads/headshots/nba/latest/260x190/1629029.png
1628416,Tyler Dorsey,https://ak-static.cms.nba.com/wp-content/uploads/headshots/nba/latest/260x190/1628416.png
1629652,Luguentz Dort,https://ak-static.cms.nba.com/wp-content/uploads/headshots/nba/latest/260x190/1629652.png
1630245,Ayo Dosunmu,https://ak-static.cms.nba.com/wp-content/uploads/headshots/nba/latest/260x190/1630245.png
1628422,Damyean Dotson,https://ak-static.cms.nba.com/wp-content/uploads/headshots/nba/latest/260x190/1628422.png
1629653,Devon Dotson,https://ak-static.cms.nba.com/wp-content/uploads/headshots/nba/latest/260x190/1629653.png
1629635,Sekou Doumbouya,https://ak-static.cms.nba.com/wp-content/uploads/headshots/nba/latest/260x190/1629635.png
1630288,Jeff Dowtin Jr.,https://ak-static.cms.nba.com/wp-content/uploads/headshots/nba/latest/260x190/1630288.png
1628408,PJ Dozier,https://ak-static.cms.nba.com/wp-content/uploads/headshots/nba/latest/260x190/1628408.png
201609,Goran Dragic,https://ak-static.cms.nba.com/wp-content/uploads/headshots/nba/latest/260x190/201609.png
203083,Andre Drummond,https://ak-static.cms.nba.com/wp-content/uploads/headshots/nba/latest/260x190/203083.png
1630537,Chris Duarte,https://ak-static.cms.nba.com/wp-content/uploads/headshots/nba/latest/260x190/1630537.png
201162,Jared Dudley,https://ak-static.cms.nba.com/wp-content/uploads/headshots/nba/latest/260x190/201162.png
1630561,David Duke Jr.,https://ak-static.cms.nba.com/wp-content/uploads/headshots/nba/latest/260x190/1630561.png
1627739,Kris Dunn,https://ak-static.cms.nba.com/wp-content/uploads/headshots/nba/latest/260x190/1627739.png
201142,Kevin Durant,https://ak-static.cms.nba.com/wp-content/uploads/headshots/nba/latest/260x190/201142.png
1631105,Jalen Duren,https://ak-static.cms.nba.com/wp-content/uploads/headshots/nba/latest/260x190/1631105.png
1631106,Tari Eason,https://ak-static.cms.nba.com/wp-content/uploads/headshots/nba/latest/260x190/1631106.png
1630693,Jaime Echenique,https://ak-static.cms.nba.com/wp-content/uploads/headshots/nba/latest/260x190/1630693.png
1630162,Anthony Edwards,https://ak-static.cms.nba.com/wp-content/uploads/headshots/nba/latest/260x190/1630162.png
1629035,Carsen Edwards,https://ak-static.cms.nba.com/wp-content/uploads/headshots/nba/latest/260x190/1629035.png
1630556,Kessler Edwards,https://ak-static.cms.nba.com/wp-content/uploads/headshots/nba/latest/260x190/1630556.png
1630306,Rob Edwards,https://ak-static.cms.nba.com/wp-content/uploads/headshots/nba/latest/260x190/1630306.png
1629604,CJ Elleby,https://ak-static.cms.nba.com/wp-content/uploads/headshots/nba/latest/260x190/1629604.png
1627740,Henry Ellenson,https://ak-static.cms.nba.com/wp-content/uploads/headshots/nba/latest/260x190/1627740.png
201961,Wayne Ellington,https://ak-static.cms.nba.com/wp-content/uploads/headshots/nba/latest/260x190/201961.png
1631165,Keon Ellis,https://ak-static.cms.nba.com/wp-content/uploads/headshots/nba/latest/260x190/1631165.png
203954,Joel Embiid,https://ak-static.cms.nba.com/wp-content/uploads/headshots/nba/latest/260x190/203954.png
203516,James Ennis III,https://ak-static.cms.nba.com/wp-content/uploads/headshots/nba/latest/260x190/203516.png
1629234,Drew Eubanks,https://ak-static.cms.nba.com/wp-content/uploads/headshots/nba/latest/260x190/1629234.png
1628980,Jacob Evans,https://ak-static.cms.nba.com/wp-content/uploads/headshots/nba/latest/260x190/1628980.png
203957,Dante Exum,https://ak-static.cms.nba.com/wp-content/uploads/headshots/nba/latest/260x190/203957.png
1629605,Tacko Fall,https://ak-static.cms.nba.com/wp-content/uploads/headshots/nba/latest/260x190/1629605.png
202324,Derrick Favors,https://ak-static.cms.nba.com/wp-content/uploads/headshots/nba/latest/260x190/202324.png
1626245,Cristiano Felicio,https://ak-static.cms.nba.com/wp-content/uploads/headshots/nba/latest/260x190/1626245.png
1628390,Terrance Ferguson,https://ak-static.cms.nba.com/wp-content/uploads/headshots/nba/latest/260x190/1628390.png
1628981,Bruno Fernando,https://ak-static.cms.nba.com/wp-content/uploads/headshots/nba/latest/260x190/1628981.png
1627812,Yogi Ferrell,https://ak-static.cms.nba.com/wp-content/uploads/headshots/nba/latest/260x190/1627812.png
1627827,Dorian Finney-Smith,https://ak-static.cms.nba.com/wp-content/uploads/headshots/nba/latest/260x190/1627827.png
1630238,Malik Fitts,https://ak-static.cms.nba.com/wp-content/uploads/headshots/nba/latest/260x190/1630238.png
1630201,Malachi Flynn,https://ak-static.cms.nba.com/wp-content/uploads/headshots/nba/latest/260x190/1630201.png
1631323,Simone Fontecchio,https://ak-static.cms.nba.com/wp-content/uploads/headshots/nba/latest/260x190/1631323.png
1627854,Bryn Forbes,https://ak-static.cms.nba.com/wp-content/uploads/headshots/nba/latest/260x190/1627854.png
1630758,Aleem Ford,https://ak-static.cms.nba.com/wp-content/uploads/headshots/nba/latest/260x190/1630758.png
1630235,Trent Forrest,https://ak-static.cms.nba.com/wp-content/uploads/headshots/nba/latest/260x190/1630235.png
1630701,Michael Foster Jr.,https://ak-static.cms.nba.com/wp-content/uploads/headshots/nba/latest/260x190/1630701.png
203095,Evan Fournier,https://ak-static.cms.nba.com/wp-content/uploads/headshots/nba/latest/260x190/203095.png
1628368,De'Aaron Fox,https://ak-static.cms.nba.com/wp-content/uploads/headshots/nba/latest/260x190/1628368.png
1629606,Robert Franks,https://ak-static.cms.nba.com/wp-content/uploads/headshots/nba/latest/260x190/1629606.png
204025,Tim Frazier,https://ak-static.cms.nba.com/wp-content/uploads/headshots/nba/latest/260x190/204025.png
1626187,Michael Frazier II,https://ak-static.cms.nba.com/wp-content/uploads/headshots/nba/latest/260x190/1626187.png
1628982,Melvin Frazier Jr.,https://ak-static.cms.nba.com/wp-content/uploads/headshots/nba/latest/260x190/1628982.png
202683,Enes Freedom,https://ak-static.cms.nba.com/wp-content/uploads/headshots/nba/latest/260x190/202683.png
1628365,Markelle Fultz,https://ak-static.cms.nba.com/wp-content/uploads/headshots/nba/latest/260x190/1628365.png
1629117,Wenyen Gabriel,https://ak-static.cms.nba.com/wp-content/uploads/headshots/nba/latest/260x190/1629117.png
1629655,Daniel Gafford,https://ak-static.cms.nba.com/wp-content/uploads/headshots/nba/latest/260x190/1629655.png
201568,Danilo Gallinari,https://ak-static.cms.nba.com/wp-content/uploads/headshots/nba/latest/260x190/201568.png
204038,Langston Galloway,https://ak-static.cms.nba.com/wp-content/uploads/headshots/nba/latest/260x190/204038.png
1629636,Darius Garland,https://ak-static.cms.nba.com/wp-content/uploads/headshots/nba/latest/260x190/1629636.png
1630585,Marcus Garrett,https://ak-static.cms.nba.com/wp-content/uploads/headshots/nba/latest/260x190/1630585.png
1630586,Usman Garuba,https://ak-static.cms.nba.com/wp-content/uploads/headshots/nba/latest/260x190/1630586.png
1630568,Luka Garza,https://ak-static.cms.nba.com/wp-content/uploads/headshots/nba/latest/260x190/1630568.png
201188,Marc Gasol,https://ak-static.cms.nba.com/wp-content/uploads/headshots/nba/latest/260x190/201188.png
200752,Rudy Gay,https://ak-static.cms.nba.com/wp-content/uploads/headshots/nba/latest/260x190/200752.png
202331,Paul George,https://ak-static.cms.nba.com/wp-content/uploads/headshots/nba/latest/260x190/202331.png
201959,Taj Gibson,https://ak-static.cms.nba.com/wp-content/uploads/headshots/nba/latest/260x190/201959.png
1630581,Josh Giddey,https://ak-static.cms.nba.com/wp-content/uploads/headshots/nba/latest/260x190/1630581.png
1628385,Harry Giles III,https://ak-static.cms.nba.com/wp-content/uploads/headshots/nba/latest/260x190/1628385.png
1628983,Shai Gilgeous-Alexander,https://ak-static.cms.nba.com/wp-content/uploads/headshots/nba/latest/260x190/1628983.png
1630264,Anthony Gill,https://ak-static.cms.nba.com/wp-content/uploads/headshots/nba/latest/260x190/1630264.png
1631221,Collin Gillespie,https://ak-static.cms.nba.com/wp-content/uploads/headshots/nba/latest/260x190/1631221.png
1630273,Freddie Gillespie,https://ak-static.cms.nba.com/wp-content/uploads/headshots/nba/latest/260x190/1630273.png
203497,Rudy Gobert,https://ak-static.cms.nba.com/wp-content/uploads/headshots/nba/latest/260x190/203497.png
1629164,Brandon Goodwin,https://ak-static.cms.nba.com/wp-content/uploads/headshots/nba/latest/260x190/1629164.png
1630692,Jordan Goodwin,https://ak-static.cms.nba.com/wp-content/uploads/headshots/nba/latest/260x190/1630692.png
203932,Aaron Gordon,https://ak-static.cms.nba.com/wp-content/uploads/headshots/nba/latest/260x190/203932.png
201569,Eric Gordon,https://ak-static.cms.nba.com/wp-content/uploads/headshots/nba/latest/260x190/201569.png
1628984,Devonte' Graham,https://ak-static.cms.nba.com/wp-content/uploads/headshots/nba/latest/260x190/1628984.png
1626203,Treveon Graham,https://ak-static.cms.nba.com/wp-content/uploads/headshots/nba/latest/260x190/1626203.png
203924,Jerami Grant,https://ak-static.cms.nba.com/wp-content/uploads/headshots/nba/latest/260x190/203924.png
1626170,Jerian Grant,https://ak-static.cms.nba.com/wp-content/uploads/headshots/nba/latest/260x190/1626170.png
1629755,Hassani Gravett,https://ak-static.cms.nba.com/wp-content/uploads/headshots/nba/latest/260x190/1629755.png
1627982,Josh Gray,https://ak-static.cms.nba.com/wp-content/uploads/headshots/nba/latest/260x190/1627982.png
1631260,AJ Green,https://ak-static.cms.nba.com/wp-content/uploads/headshots/nba/latest/260x190/1631260.png
201980,Danny Green,https://ak-static.cms.nba.com/wp-content/uploads/headshots/nba/latest/260x190/201980.png
203110,Draymond Green,https://ak-static.cms.nba.com/wp-content/uploads/headshots/nba/latest/260x190/203110.png
203210,JaMychal Green,https://ak-static.cms.nba.com/wp-content/uploads/headshots/nba/latest/260x190/203210.png
1630224,Jalen Green,https://ak-static.cms.nba.com/wp-content/uploads/headshots/nba/latest/260x190/1630224.png
1629750,Javonte Green,https://ak-static.cms.nba.com/wp-content/uploads/headshots/nba/latest/260x190/1629750.png
201145,Jeff Green,https://ak-static.cms.nba.com/wp-content/uploads/headshots/nba/latest/260x190/201145.png
1630182,Josh Green,https://ak-static.cms.nba.com/wp-content/uploads/headshots/nba/latest/260x190/1630182.png
1631100,AJ Griffin,https://ak-static.cms.nba.com/wp-content/uploads/headshots/nba/latest/260x190/1631100.png
201933,Blake Griffin,https://ak-static.cms.nba.com/wp-content/uploads/headshots/nba/latest/260x190/201933.png
1629656,Quentin Grimes,https://ak-static.cms.nba.com/wp-content/uploads/headshots/nba/latest/260x190/1629656.png
1629741,Marko Guduric,https://ak-static.cms.nba.com/wp-content/uploads/headshots/nba/latest/260x190/1629741.png
1629657,Kyle Guy,https://ak-static.cms.nba.com/wp-content/uploads/headshots/nba/latest/260x190/1629657.png
1629060,Rui Hachimura,https://ak-static.cms.nba.com/wp-content/uploads/headshots/nba/latest/260x190/1629060.png
1630204,Ashton Hagans,https://ak-static.cms.nba.com/wp-content/uploads/headshots/nba/latest/260x190/1630204.png
1630169,Tyrese Haliburton,https://ak-static.cms.nba.com/wp-content/uploads/headshots/nba/latest/260x190/1630169.png
1628985,Devon Hall,https://ak-static.cms.nba.com/wp-content/uploads/headshots/nba/latest/260x190/1628985.png
1629743,Donta Hall,https://ak-static.cms.nba.com/wp-content/uploads/headshots/nba/latest/260x190/1629743.png
1631160,Jordan Hall,https://ak-static.cms.nba.com/wp-content/uploads/headshots/nba/latest/260x190/1631160.png
1630221,Josh Hall,https://ak-static.cms.nba.com/wp-content/uploads/headshots/nba/latest/260x190/1630221.png
1629788,Tyler Hall,https://ak-static.cms.nba.com/wp-content/uploads/headshots/nba/latest/260x190/1629788.png
1630181,R.J. Hampton,https://ak-static.cms.nba.com/wp-content/uploads/headshots/nba/latest/260x190/1630181.png
1628605,Dusty Hannahs,https://ak-static.cms.nba.com/wp-content/uploads/headshots/nba/latest/260x190/1628605.png
203501,Tim Hardaway Jr.,https://ak-static.cms.nba.com/wp-content/uploads/headshots/nba/latest/260x190/203501.png
201935,James Harden,https://ak-static.cms.nba.com/wp-content/uploads/headshots/nba/latest/260x190/201935.png
1630702,Jaden Hardy,https://ak-static.cms.nba.com/wp-content/uploads/headshots/nba/latest/260x190/1630702.png
203090,Maurice Harkless,https://ak-static.cms.nba.com/wp-content/uploads/headshots/nba/latest/260x190/203090.png
1629607,Jared Harper,https://ak-static.cms.nba.com/wp-content/uploads/headshots/nba/latest/260x190/1629607.png
1631199,Ron Harper Jr.,https://ak-static.cms.nba.com/wp-content/uploads/headshots/nba/latest/260x190/1631199.png
1626149,Montrezl Harrell,https://ak-static.cms.nba.com/wp-content/uploads/headshots/nba/latest/260x190/1626149.png
203914,Gary Harris,https://ak-static.cms.nba.com/wp-content/uploads/headshots/nba/latest/260x190/203914.png
1630223,Jalen Harris,https://ak-static.cms.nba.com/wp-content/uploads/headshots/nba/latest/260x190/1630223.png
203925,Joe Harris,https://ak-static.cms.nba.com/wp-content/uploads/headshots/nba/latest/260x190/203925.png
1630284,Kevon Harris,https://ak-static.cms.nba.com/wp-content/uploads/headshots/nba/latest/260x190/1630284.png
202699,Tobias Harris,https://ak-static.cms.nba.com/wp-content/uploads/headshots/nba/latest/260x190/202699.png
1627885,Shaquille Harrison,https://ak-static.cms.nba.com/wp-content/uploads/headshots/nba/latest/260x190/1627885.png
1628404,Josh Hart,https://ak-static.cms.nba.com/wp-content/uploads/headshots/nba/latest/260x190/1628404.png
1628392,Isaiah Hartenstein,https://ak-static.cms.nba.com/wp-content/uploads/headshots/nba/latest/260x190/1628392.png
2617,Udonis Haslem,https://ak-static.cms.nba.com/wp-content/uploads/headshots/nba/latest/260x190/2617.png
1630573,Sam Hauser,https://ak-static.cms.nba.com/wp-content/uploads/headshots/nba/latest/260x190/1630573.png
1629637,Jaxson Hayes,https://ak-static.cms.nba.com/wp-content/uploads/headshots/nba/latest/260x190/1629637.png
1630165,Killian Hayes,https://ak-static.cms.nba.com/wp-content/uploads/headshots/nba/latest/260x190/1630165.png
202330,Gordon Hayward,https://ak-static.cms.nba.com/wp-content/uploads/headshots/nba/latest/260x190/202330.png
1630565,Aaron Henry,https://ak-static.cms.nba.com/wp-content/uploads/headshots/nba/latest/260x190/1630565.png
203089,John Henson,https://ak-static.cms.nba.com/wp-content/uploads/headshots/nba/latest/260x190/203089.png
1629608,Dewan Hernandez,https://ak-static.cms.nba.com/wp-content/uploads/headshots/nba/latest/260x190/1629608.png
1627823,Juancho Hernangomez,https://ak-static.cms.nba.com/wp-content/uploads/headshots/nba/latest/260x190/1627823.png
1626195,Willy Hernangomez,https://ak-static.cms.nba.com/wp-content/uploads/headshots/nba/latest/260x190/1626195.png
1629639,Tyler Herro,https://ak-static.cms.nba.com/wp-content/uploads/headshots/nba/latest/260x190/1629639.png
1628987,Kevin Hervey,https://ak-static.cms.nba.com/wp-content/uploads/headshots/nba/latest/260x190/1628987.png
1626209,Mario Hezonja,https://ak-static.cms.nba.com/wp-content/uploads/headshots/nba/latest/260x190/1626209.png
1627741,Buddy Hield,https://ak-static.cms.nba.com/wp-content/uploads/headshots/nba/latest/260x190/1627741.png
1629312,Haywood Highsmith,https://ak-static.cms.nba.com/wp-content/uploads/headshots/nba/latest/260x190/1629312.png
201588,George Hill,https://ak-static.cms.nba.com/wp-content/uploads/headshots/nba/latest/260x190/201588.png
1630792,Malcolm Hill,https://ak-static.cms.nba.com/wp-content/uploads/headshots/nba/latest/260x190/1630792.png
203524,Solomon Hill,https://ak-static.cms.nba.com/wp-content/uploads/headshots/nba/latest/260x190/203524.png
1630207,Nate Hinton,https://ak-static.cms.nba.com/wp-content/uploads/headshots/nba/latest/260x190/1630207.png
1629658,Jaylen Hoard,https://ak-static.cms.nba.com/wp-content/uploads/headshots/nba/latest/260x190/1629658.png
1628988,Aaron Holiday,https://ak-static.cms.nba.com/wp-content/uploads/headshots/nba/latest/260x190/1628988.png
201950,Jrue Holiday,https://ak-static.cms.nba.com/wp-content/uploads/headshots/nba/latest/260x190/201950.png
203200,Justin Holiday,https://ak-static.cms.nba.com/wp-content/uploads/headshots/nba/latest/260x190/203200.png
1626178,Rondae Hollis-Jefferson,https://ak-static.cms.nba.com/wp-content/uploads/headshots/nba/latest/260x190/1626178.png
1626158,Richaun Holmes,https://ak-static.cms.nba.com/wp-content/uploads/headshots/nba/latest/260x190/1626158.png
1631096,Chet Holmgren,https://ak-static.cms.nba.com/wp-content/uploads/headshots/nba/latest/260x190/1631096.png
1630258,Caleb Homesley,https://ak-static.cms.nba.com/wp-content/uploads/headshots/nba/latest/260x190/1630258.png
203918,Rodney Hood,https://ak-static.cms.nba.com/wp-content/uploads/headshots/nba/latest/260x190/203918.png
203816,Scotty Hopson,https://ak-static.cms.nba.com/wp-content/uploads/headshots/nba/latest/260x190/203816.png
201143,Al Horford,https://ak-static.cms.nba.com/wp-content/uploads/headshots/nba/latest/260x190/201143.png
1629659,Talen Horton-Tucker,https://ak-static.cms.nba.com/wp-content/uploads/headshots/nba/latest/260x190/1629659.png
1627863,Danuel House Jr.,https://ak-static.cms.nba.com/wp-content/uploads/headshots/nba/latest/260x190/1627863.png
1631216,Caleb Houstan,https://ak-static.cms.nba.com/wp-content/uploads/headshots/nba/latest/260x190/1631216.png
2730,Dwight Howard,https://ak-static.cms.nba.com/wp-content/uploads/headshots/nba/latest/260x190/2730.png
1630210,Markus Howard,https://ak-static.cms.nba.com/wp-content/uploads/headshots/nba/latest/260x190/1630210.png
1629739,William Howard,https://ak-static.cms.nba.com/wp-content/uploads/headshots/nba/latest/260x190/1629739.png
1631309,Trevor Hudgins,https://ak-static.cms.nba.com/wp-content/uploads/headshots/nba/latest/260x190/1631309.png
1628989,Kevin Huerter,https://ak-static.cms.nba.com/wp-content/uploads/headshots/nba/latest/260x190/1628989.png
1630643,Jay Huff,https://ak-static.cms.nba.com/wp-content/uploads/headshots/nba/latest/260x190/1630643.png
1630190,Elijah Hughes,https://ak-static.cms.nba.com/wp-content/uploads/headshots/nba/latest/260x190/1630190.png
1630624,Feron Hunt,https://ak-static.cms.nba.com/wp-content/uploads/headshots/nba/latest/260x190/1630624.png
1629631,De'Andre Hunter,https://ak-static.cms.nba.com/wp-content/uploads/headshots/nba/latest/260x190/1629631.png
1628990,Chandler Hutchison,https://ak-static.cms.nba.com/wp-content/uploads/headshots/nba/latest/260x190/1628990.png
1630538,Bones Hyland,https://ak-static.cms.nba.com/wp-content/uploads/headshots/nba/latest/260x190/1630538.png
201586,Serge Ibaka,https://ak-static.cms.nba.com/wp-content/uploads/headshots/nba/latest/260x190/201586.png
2738,Andre Iguodala,https://ak-static.cms.nba.com/wp-content/uploads/headshots/nba/latest/260x190/2738.png
101141,Ersan Ilyasova,https://ak-static.cms.nba.com/wp-content/uploads/headshots/nba/latest/260x190/101141.png
204060,Joe Ingles,https://ak-static.cms.nba.com/wp-content/uploads/headshots/nba/latest/260x190/204060.png
1627742,Brandon Ingram,https://ak-static.cms.nba.com/wp-content/uploads/headshots/nba/latest/260x190/1627742.png
202681,Kyrie Irving,https://ak-static.cms.nba.com/wp-content/uploads/headshots/nba/latest/260x190/202681.png
1628371,Jonathan Isaac,https://ak-static.cms.nba.com/wp-content/uploads/headshots/nba/latest/260x190/1628371.png
1631093,Jaden Ivey,https://ak-static.cms.nba.com/wp-content/uploads/headshots/nba/latest/260x190/1631093.png
1628411,Wes Iwundu,https://ak-static.cms.nba.com/wp-content/uploads/headshots/nba/latest/260x190/1628411.png
1628402,Frank Jackson,https://ak-static.cms.nba.com/wp-content/uploads/headshots/nba/latest/260x190/1628402.png
1630543,Isaiah Jackson,https://ak-static.cms.nba.com/wp-content/uploads/headshots/nba/latest/260x190/1630543.png
1628367,Josh Jackson,https://ak-static.cms.nba.com/wp-content/uploads/headshots/nba/latest/260x190/1628367.png
1628382,Justin Jackson,https://ak-static.cms.nba.com/wp-content/uploads/headshots/nba/latest/260x190/1628382.png
1631245,Quenton Jackson,https://ak-static.cms.nba.com/wp-content/uploads/headshots/nba/latest/260x190/1631245.png
202704,Reggie Jackson,https://ak-static.cms.nba.com/wp-content/uploads/headshots/nba/latest/260x190/202704.png
1628991,Jaren Jackson Jr.,https://ak-static.cms.nba.com/wp-content/uploads/headshots/nba/latest/260x190/1628991.png
1629713,Justin James,https://ak-static.cms.nba.com/wp-content/uploads/headshots/nba/latest/260x190/1629713.png
2544,LeBron James,https://ak-static.cms.nba.com/wp-content/uploads/headshots/nba/latest/260x190/2544.png
1628455,Mike James,https://ak-static.cms.nba.com/wp-content/uploads/headshots/nba/latest/260x190/1628455.png
1630610,DeJon Jarreau,https://ak-static.cms.nba.com/wp-content/uploads/headshots/nba/latest/260x190/1630610.png
1628518,Amile Jefferson,https://ak-static.cms.nba.com/wp-content/uploads/headshots/nba/latest/260x190/1628518.png
1629610,DaQuan Jeffries,https://ak-static.cms.nba.com/wp-content/uploads/headshots/nba/latest/260x190/1629610.png
1629660,Ty Jerome,https://ak-static.cms.nba.com/wp-content/uploads/headshots/nba/latest/260x190/1629660.png
1630198,Isaiah Joe,https://ak-static.cms.nba.com/wp-content/uploads/headshots/nba/latest/260x190/1630198.png
1628993,Alize Johnson,https://ak-static.cms.nba.com/wp-content/uploads/headshots/nba/latest/260x190/1628993.png
1629168,BJ Johnson,https://ak-static.cms.nba.com/wp-content/uploads/headshots/nba/latest/260x190/1629168.png
1629661,Cameron Johnson,https://ak-static.cms.nba.com/wp-content/uploads/headshots/nba/latest/260x190/1629661.png
1630525,David Johnson,https://ak-static.cms.nba.com/wp-content/uploads/headshots/nba/latest/260x190/1630525.png
1630552,Jalen Johnson,https://ak-static.cms.nba.com/wp-content/uploads/headshots/nba/latest/260x190/1630552.png
201949,James Johnson,https://ak-static.cms.nba.com/wp-content/uploads/headshots/nba/latest/260x190/201949.png
2207,Joe Johnson,https://ak-static.cms.nba.com/wp-content/uploads/headshots/nba/latest/260x190/2207.png
1629640,Keldon Johnson,https://ak-static.cms.nba.com/wp-content/uploads/headshots/nba/latest/260x190/1629640.png
1630553,Keon Johnson,https://ak-static.cms.nba.com/wp-content/uploads/headshots/nba/latest/260x190/1630553.png
1626169,Stanley Johnson,https://ak-static.cms.nba.com/wp-content/uploads/headshots/nba/latest/260x190/1626169.png
204020,Tyler Johnson,https://ak-static.cms.nba.com/wp-content/uploads/headshots/nba/latest/260x190/204020.png
203999,Nikola Jokic,https://ak-static.cms.nba.com/wp-content/uploads/headshots/nba/latest/260x190/203999.png
1630637,Carlik Jones,https://ak-static.cms.nba.com/wp-content/uploads/headshots/nba/latest/260x190/1630637.png
1627745,Damian Jones,https://ak-static.cms.nba.com/wp-content/uploads/headshots/nba/latest/260x190/1627745.png
1630529,Herbert Jones,https://ak-static.cms.nba.com/wp-content/uploads/headshots/nba/latest/260x190/1630529.png
1629203,Jemerrio Jones,https://ak-static.cms.nba.com/wp-content/uploads/headshots/nba/latest/260x190/1629203.png
1630539,Kai Jones,https://ak-static.cms.nba.com/wp-content/uploads/headshots/nba/latest/260x190/1630539.png
1630222,Mason Jones,https://ak-static.cms.nba.com/wp-content/uploads/headshots/nba/latest/260x190/1630222.png
1630200,Tre Jones,https://ak-static.cms.nba.com/wp-content/uploads/headshots/nba/latest/260x190/1630200.png
1626145,Tyus Jones,https://ak-static.cms.nba.com/wp-content/uploads/headshots/nba/latest/260x190/1626145.png
1627884,Derrick Jones Jr.,https://ak-static.cms.nba.com/wp-content/uploads/headshots/nba/latest/260x190/1627884.png
201599,DeAndre Jordan,https://ak-static.cms.nba.com/wp-content/uploads/headshots/nba/latest/260x190/201599.png
202709,Cory Joseph,https://ak-static.cms.nba.com/wp-content/uploads/headshots/nba/latest/260x190/202709.png
1631107,Nikola Jovic,https://ak-static.cms.nba.com/wp-content/uploads/headshots/nba/latest/260x190/1631107.png
1630548,Johnny Juzang,https://ak-static.cms.nba.com/wp-content/uploads/headshots/nba/latest/260x190/1630548.png
1629662,Mfiondu Kabengele,https://ak-static.cms.nba.com/wp-content/uploads/headshots/nba/latest/260x190/1629662.png
1630686,Georgios Kalaitzakis,https://ak-static.cms.nba.com/wp-content/uploads/headshots/nba/latest/260x190/1630686.png
1626163,Frank Kaminsky,https://ak-static.cms.nba.com/wp-content/uploads/headshots/nba/latest/260x190/1626163.png
1631211,Trevor Keels,https://ak-static.cms.nba.com/wp-content/uploads/headshots/nba/latest/260x190/1631211.png
1628379,Luke Kennard,https://ak-static.cms.nba.com/wp-content/uploads/headshots/nba/latest/260x190/1628379.png
1631117,Walker Kessler,https://ak-static.cms.nba.com/wp-content/uploads/headshots/nba/latest/260x190/1631117.png
1630296,Braxton Key,https://ak-static.cms.nba.com/wp-content/uploads/headshots/nba/latest/260x190/1630296.png
1629742,Stanton Kidd,https://ak-static.cms.nba.com/wp-content/uploads/headshots/nba/latest/260x190/1629742.png
203077,Michael Kidd-Gilchrist,https://ak-static.cms.nba.com/wp-content/uploads/headshots/nba/latest/260x190/203077.png
1628994,George King,https://ak-static.cms.nba.com/wp-content/uploads/headshots/nba/latest/260x190/1628994.png
1629663,Louis King,https://ak-static.cms.nba.com/wp-content/uploads/headshots/nba/latest/260x190/1629663.png
1630557,Corey Kispert,https://ak-static.cms.nba.com/wp-content/uploads/headshots/nba/latest/260x190/1630557.png
1628467,Maxi Kleber,https://ak-static.cms.nba.com/wp-content/uploads/headshots/nba/latest/260x190/1628467.png
202688,Brandon Knight,https://ak-static.cms.nba.com/wp-content/uploads/headshots/nba/latest/260x190/202688.png
1630233,Nathan Knight,https://ak-static.cms.nba.com/wp-content/uploads/headshots/nba/latest/260x190/1630233.png
1628995,Kevin Knox II,https://ak-static.cms.nba.com/wp-content/uploads/headshots/nba/latest/260x190/1628995.png
1631132,Christian Koloko,https://ak-static.cms.nba.com/wp-content/uploads/headshots/nba/latest/260x190/1631132.png
1629723,John Konchar,https://ak-static.cms.nba.com/wp-content/uploads/headshots/nba/latest/260x190/1629723.png
1627788,Furkan Korkmaz,https://ak-static.cms.nba.com/wp-content/uploads/headshots/nba/latest/260x190/1627788.png
1628436,Luke Kornet,https://ak-static.cms.nba.com/wp-content/uploads/headshots/nba/latest/260x190/1628436.png
2594,Kyle Korver,https://ak-static.cms.nba.com/wp-content/uploads/headshots/nba/latest/260x190/2594.png
1630249,Vit Krejci,https://ak-static.cms.nba.com/wp-content/uploads/headshots/nba/latest/260x190/1630249.png
1629083,Arnoldas Kulboka,https://ak-static.cms.nba.com/wp-content/uploads/headshots/nba/latest/260x190/1629083.png
1630228,Jonathan Kuminga,https://ak-static.cms.nba.com/wp-content/uploads/headshots/nba/latest/260x190/1630228.png
1629066,Rodions Kurucs,https://ak-static.cms.nba.com/wp-content/uploads/headshots/nba/latest/260x190/1629066.png
1628398,Kyle Kuzma,https://ak-static.cms.nba.com/wp-content/uploads/headshots/nba/latest/260x190/1628398.png
1631222,Jake LaRavia,https://ak-static.cms.nba.com/wp-content/uploads/headshots/nba/latest/260x190/1631222.png
203897,Zach LaVine,https://ak-static.cms.nba.com/wp-content/uploads/headshots/nba/latest/260x190/203897.png
1627746,Skal Labissiere,https://ak-static.cms.nba.com/wp-content/uploads/headshots/nba/latest/260x190/1627746.png
1630237,Anthony Lamb,https://ak-static.cms.nba.com/wp-content/uploads/headshots/nba/latest/260x190/1630237.png
203087,Jeremy Lamb,https://ak-static.cms.nba.com/wp-content/uploads/headshots/nba/latest/260x190/203087.png
1629111,Jock Landale,https://ak-static.cms.nba.com/wp-content/uploads/headshots/nba/latest/260x190/1629111.png
1629641,Romeo Langford,https://ak-static.cms.nba.com/wp-content/uploads/headshots/nba/latest/260x190/1629641.png
1629724,Vic Law,https://ak-static.cms.nba.com/wp-content/uploads/headshots/nba/latest/260x190/1629724.png
1630639,A.J. Lawson,https://ak-static.cms.nba.com/wp-content/uploads/headshots/nba/latest/260x190/1630639.png
1627774,Jake Layman,https://ak-static.cms.nba.com/wp-content/uploads/headshots/nba/latest/260x190/1627774.png
1627747,Caris LeVert,https://ak-static.cms.nba.com/wp-content/uploads/headshots/nba/latest/260x190/1627747.png
1628388,T.J. Leaf,https://ak-static.cms.nba.com/wp-content/uploads/headshots/nba/latest/260x190/1628388.png
1629665,Jalen Lecque,https://ak-static.cms.nba.com/wp-content/uploads/headshots/nba/latest/260x190/1629665.png
201584,Courtney Lee,https://ak-static.cms.nba.com/wp-content/uploads/headshots/nba/latest/260x190/201584.png
1627814,Damion Lee,https://ak-static.cms.nba.com/wp-content/uploads/headshots/nba/latest/260x190/1627814.png
1630240,Saben Lee,https://ak-static.cms.nba.com/wp-content/uploads/headshots/nba/latest/260x190/1630240.png
203458,Alex Len,https://ak-static.cms.nba.com/wp-content/uploads/headshots/nba/latest/260x190/203458.png
202695,Kawhi Leonard,https://ak-static.cms.nba.com/wp-content/uploads/headshots/nba/latest/260x190/202695.png
203086,Meyers Leonard,https://ak-static.cms.nba.com/wp-content/uploads/headshots/nba/latest/260x190/203086.png
1631171,Justin Lewis,https://ak-static.cms.nba.com/wp-content/uploads/headshots/nba/latest/260x190/1631171.png
1630575,Scottie Lewis,https://ak-static.cms.nba.com/wp-content/uploads/headshots/nba/latest/260x190/1630575.png
1630184,Kira Lewis Jr.,https://ak-static.cms.nba.com/wp-content/uploads/headshots/nba/latest/260x190/1630184.png
1630604,E.J. Liddell,https://ak-static.cms.nba.com/wp-content/uploads/headshots/nba/latest/260x190/1630604.png
203081,Damian Lillard,https://ak-static.cms.nba.com/wp-content/uploads/headshots/nba/latest/260x190/203081.png
1629642,Nassir Little,https://ak-static.cms.nba.com/wp-content/uploads/headshots/nba/latest/260x190/1629642.png
1630587,Isaiah Livers,https://ak-static.cms.nba.com/wp-content/uploads/headshots/nba/latest/260x190/1630587.png
1631254,Kenneth Lofton Jr.,https://ak-static.cms.nba.com/wp-content/uploads/headshots/nba/latest/260x190/1631254.png
1626172,Kevon Looney,https://ak-static.cms.nba.com/wp-content/uploads/headshots/nba/latest/260x190/1626172.png
201572,Brook Lopez,https://ak-static.cms.nba.com/wp-content/uploads/headshots/nba/latest/260x190/201572.png
201577,Robin Lopez,https://ak-static.cms.nba.com/wp-content/uploads/headshots/nba/latest/260x190/201577.png
1629712,Didi Louzada,https://ak-static.cms.nba.com/wp-content/uploads/headshots/nba/latest/260x190/1629712.png
201567,Kevin Love,https://ak-static.cms.nba.com/wp-content/uploads/headshots/nba/latest/260x190/201567.png
200768,Kyle Lowry,https://ak-static.cms.nba.com/wp-content/uploads/headshots/nba/latest/260x190/200768.png
1630994,Gabriel Lundberg,https://ak-static.cms.nba.com/wp-content/uploads/headshots/nba/latest/260x190/1630994.png
1627789,Timothe Luwawu-Cabarrot,https://ak-static.cms.nba.com/wp-content/uploads/headshots/nba/latest/260x190/1627789.png
1626168,Trey Lyles,https://ak-static.cms.nba.com/wp-content/uploads/headshots/nba/latest/260x190/1626168.png
1629133,Daryl Macon,https://ak-static.cms.nba.com/wp-content/uploads/headshots/nba/latest/260x190/1629133.png
1629122,J.P. Macura,https://ak-static.cms.nba.com/wp-content/uploads/headshots/nba/latest/260x190/1629122.png
203705,Josh Magette,https://ak-static.cms.nba.com/wp-content/uploads/headshots/nba/latest/260x190/203705.png
1630266,Will Magnay,https://ak-static.cms.nba.com/wp-content/uploads/headshots/nba/latest/260x190/1630266.png
101133,Ian Mahinmi,https://ak-static.cms.nba.com/wp-content/uploads/headshots/nba/latest/260x190/101133.png
1627748,Thon Maker,https://ak-static.cms.nba.com/wp-content/uploads/headshots/nba/latest/260x190/1627748.png
1630177,Theo Maledon,https://ak-static.cms.nba.com/wp-content/uploads/headshots/nba/latest/260x190/1630177.png
1630572,Sandro Mamukelashvili,https://ak-static.cms.nba.com/wp-content/uploads/headshots/nba/latest/260x190/1630572.png
1630211,Karim Mane,https://ak-static.cms.nba.com/wp-content/uploads/headshots/nba/latest/260x190/1630211.png
1629611,Terance Mann,https://ak-static.cms.nba.com/wp-content/uploads/headshots/nba/latest/260x190/1629611.png
1630544,Tre Mann,https://ak-static.cms.nba.com/wp-content/uploads/headshots/nba/latest/260x190/1630544.png
1630185,Nico Mannion,https://ak-static.cms.nba.com/wp-content/uploads/headshots/nba/latest/260x190/1630185.png
1626246,Boban Marjanovic,https://ak-static.cms.nba.com/wp-content/uploads/headshots/nba/latest/260x190/1626246.png
1628374,Lauri Markkanen,https://ak-static.cms.nba.com/wp-content/uploads/headshots/nba/latest/260x190/1628374.png
1630230,Naji Marshall,https://ak-static.cms.nba.com/wp-content/uploads/headshots/nba/latest/260x190/1630230.png
1628997,Caleb Martin,https://ak-static.cms.nba.com/wp-content/uploads/headshots/nba/latest/260x190/1628997.png
1628998,Cody Martin,https://ak-static.cms.nba.com/wp-content/uploads/headshots/nba/latest/260x190/1628998.png
1629725,Jeremiah Martin,https://ak-static.cms.nba.com/wp-content/uploads/headshots/nba/latest/260x190/1629725.png
1629103,Kelan Martin,https://ak-static.cms.nba.com/wp-content/uploads/headshots/nba/latest/260x190/1629103.png
1631213,Tyrese Martin,https://ak-static.cms.nba.com/wp-content/uploads/headshots/nba/latest/260x190/1631213.png
1630231,Kenyon Martin Jr.,https://ak-static.cms.nba.com/wp-content/uploads/headshots/nba/latest/260x190/1630231.png
1628412,Frank Mason III,https://ak-static.cms.nba.com/wp-content/uploads/headshots/nba/latest/260x190/1628412.png
1629726,Garrison Mathews,https://ak-static.cms.nba.com/wp-content/uploads/headshots/nba/latest/260x190/1629726.png
1629751,Dakota Mathias,https://ak-static.cms.nba.com/wp-content/uploads/headshots/nba/latest/260x190/1629751.png
1631097,Bennedict Mathurin,https://ak-static.cms.nba.com/wp-content/uploads/headshots/nba/latest/260x190/1631097.png
202083,Wesley Matthews,https://ak-static.cms.nba.com/wp-content/uploads/headshots/nba/latest/260x190/202083.png
1630178,Tyrese Maxey,https://ak-static.cms.nba.com/wp-content/uploads/headshots/nba/latest/260x190/1630178.png
1630219,Skylar Mays,https://ak-static.cms.nba.com/wp-content/uploads/headshots/nba/latest/260x190/1630219.png
201601,Luc Mbah a Moute,https://ak-static.cms.nba.com/wp-content/uploads/headshots/nba/latest/260x190/201601.png
1630540,Miles McBride,https://ak-static.cms.nba.com/wp-content/uploads/headshots/nba/latest/260x190/1630540.png
1627775,Patrick McCaw,https://ak-static.cms.nba.com/wp-content/uploads/headshots/nba/latest/260x190/1627775.png
1630644,Mac McClung,https://ak-static.cms.nba.com/wp-content/uploads/headshots/nba/latest/260x190/1630644.png
203468,CJ McCollum,https://ak-static.cms.nba.com/wp-content/uploads/headshots/nba/latest/260x190/203468.png
204456,T.J. McConnell,https://ak-static.cms.nba.com/wp-content/uploads/headshots/nba/latest/260x190/204456.png
1630183,Jaden McDaniels,https://ak-static.cms.nba.com/wp-content/uploads/headshots/nba/latest/260x190/1630183.png
1629667,Jalen McDaniels,https://ak-static.cms.nba.com/wp-content/uploads/headshots/nba/latest/260x190/1629667.png
203926,Doug McDermott,https://ak-static.cms.nba.com/wp-content/uploads/headshots/nba/latest/260x190/203926.png
1630253,Sean McDermott,https://ak-static.cms.nba.com/wp-content/uploads/headshots/nba/latest/260x190/1630253.png
201580,JaVale McGee,https://ak-static.cms.nba.com/wp-content/uploads/headshots/nba/latest/260x190/201580.png
1631121,Bryce McGowens,https://ak-static.cms.nba.com/wp-content/uploads/headshots/nba/latest/260x190/1631121.png
1630787,Cameron McGriff,https://ak-static.cms.nba.com/wp-content/uploads/headshots/nba/latest/260x190/1630787.png
203585,Rodney McGruder,https://ak-static.cms.nba.com/wp-content/uploads/headshots/nba/latest/260x190/203585.png
1628035,Alfonzo McKinnie,https://ak-static.cms.nba.com/wp-content/uploads/headshots/nba/latest/260x190/1628035.png
1630605,JaQuori McLaughlin,https://ak-static.cms.nba.com/wp-content/uploads/headshots/nba/latest/260x190/1630605.png
1629162,Jordan McLaughlin,https://ak-static.cms.nba.com/wp-content/uploads/headshots/nba/latest/260x190/1629162.png
203463,Ben McLemore,https://ak-static.cms.nba.com/wp-content/uploads/headshots/nba/latest/260x190/203463.png
203895,Jordan McRae,https://ak-static.cms.nba.com/wp-content/uploads/headshots/nba/latest/260x190/203895.png
1629740,Nicolo Melli,https://ak-static.cms.nba.com/wp-content/uploads/headshots/nba/latest/260x190/1629740.png
1629001,De'Anthony Melton,https://ak-static.cms.nba.com/wp-content/uploads/headshots/nba/latest/260x190/1629001.png
1630241,Sam Merrill,https://ak-static.cms.nba.com/wp-content/uploads/headshots/nba/latest/260x190/1630241.png
1629002,Chimezie Metu,https://ak-static.cms.nba.com/wp-content/uploads/headshots/nba/latest/260x190/1629002.png
203114,Khris Middleton,https://ak-static.cms.nba.com/wp-content/uploads/headshots/nba/latest/260x190/203114.png
1628450,Eric Mika,https://ak-static.cms.nba.com/wp-content/uploads/headshots/nba/latest/260x190/1628450.png
101139,CJ Miles,https://ak-static.cms.nba.com/wp-content/uploads/headshots/nba/latest/260x190/101139.png
203121,Darius Miller,https://ak-static.cms.nba.com/wp-content/uploads/headshots/nba/latest/260x190/203121.png
1626259,Malcolm Miller,https://ak-static.cms.nba.com/wp-content/uploads/headshots/nba/latest/260x190/1626259.png
201988,Patty Mills,https://ak-static.cms.nba.com/wp-content/uploads/headshots/nba/latest/260x190/201988.png
200794,Paul Millsap,https://ak-static.cms.nba.com/wp-content/uploads/headshots/nba/latest/260x190/200794.png
1629003,Shake Milton,https://ak-static.cms.nba.com/wp-content/uploads/headshots/nba/latest/260x190/1629003.png
1631303,Justin Minaya,https://ak-static.cms.nba.com/wp-content/uploads/headshots/nba/latest/260x190/1631303.png
1631169,Josh Minott,https://ak-static.cms.nba.com/wp-content/uploads/headshots/nba/latest/260x190/1631169.png
1630558,Davion Mitchell,https://ak-static.cms.nba.com/wp-content/uploads/headshots/nba/latest/260x190/1630558.png
1628378,Donovan Mitchell,https://ak-static.cms.nba.com/wp-content/uploads/headshots/nba/latest/260x190/1628378.png
1628513,Naz Mitrou-Long,https://ak-static.cms.nba.com/wp-content/uploads/headshots/nba/latest/260x190/1628513.png
1630596,Evan Mobley,https://ak-static.cms.nba.com/wp-content/uploads/headshots/nba/latest/260x190/1630596.png
1630600,Isaiah Mobley,https://ak-static.cms.nba.com/wp-content/uploads/headshots/nba/latest/260x190/1630600.png
1629690,Adam Mokoka,https://ak-static.cms.nba.com/wp-content/uploads/headshots/nba/latest/260x190/1629690.png
1631320,Chima Moneke,https://ak-static.cms.nba.com/wp-content/uploads/headshots/nba/latest/260x190/1631320.png
1628370,Malik Monk,https://ak-static.cms.nba.com/wp-content/uploads/headshots/nba/latest/260x190/1628370.png
202328,Greg Monroe,https://ak-static.cms.nba.com/wp-content/uploads/headshots/nba/latest/260x190/202328.png
1630541,Moses Moody,https://ak-static.cms.nba.com/wp-content/uploads/headshots/nba/latest/260x190/1630541.png
1629875,Xavier Moon,https://ak-static.cms.nba.com/wp-content/uploads/headshots/nba/latest/260x190/1629875.png
1629760,Matt Mooney,https://ak-static.cms.nba.com/wp-content/uploads/headshots/nba/latest/260x190/1629760.png
202734,E'Twaun Moore,https://ak-static.cms.nba.com/wp-content/uploads/headshots/nba/latest/260x190/202734.png
1631111,Wendell Moore Jr.,https://ak-static.cms.nba.com/wp-content/uploads/headshots/nba/latest/260x190/1631111.png
1629630,Ja Morant,https://ak-static.cms.nba.com/wp-content/uploads/headshots/nba/latest/260x190/1629630.png
1629752,Juwan Morgan,https://ak-static.cms.nba.com/wp-content/uploads/headshots/nba/latest/260x190/1629752.png
1628537,Jaylen Morris,https://ak-static.cms.nba.com/wp-content/uploads/headshots/nba/latest/260x190/1628537.png
202693,Markieff Morris,https://ak-static.cms.nba.com/wp-content/uploads/headshots/nba/latest/260x190/202693.png
1628420,Monte Morris,https://ak-static.cms.nba.com/wp-content/uploads/headshots/nba/latest/260x190/1628420.png
202694,Marcus Morris Sr.,https://ak-static.cms.nba.com/wp-content/uploads/headshots/nba/latest/260x190/202694.png
1628405,Johnathan Motley,https://ak-static.cms.nba.com/wp-content/uploads/headshots/nba/latest/260x190/1628405.png
1626144,Emmanuel Mudiay,https://ak-static.cms.nba.com/wp-content/uploads/headshots/nba/latest/260x190/1626144.png
1628539,Mychal Mulder,https://ak-static.cms.nba.com/wp-content/uploads/headshots/nba/latest/260x190/1628539.png
1630278,Ade Murkey,https://ak-static.cms.nba.com/wp-content/uploads/headshots/nba/latest/260x190/1630278.png
1630530,Trey Murphy III,https://ak-static.cms.nba.com/wp-content/uploads/headshots/nba/latest/260x190/1630530.png
1627749,Dejounte Murray,https://ak-static.cms.nba.com/wp-content/uploads/headshots/nba/latest/260x190/1627749.png
1627750,Jamal Murray,https://ak-static.cms.nba.com/wp-content/uploads/headshots/nba/latest/260x190/1627750.png
1631099,Keegan Murray,https://ak-static.cms.nba.com/wp-content/uploads/headshots/nba/latest/260x190/1631099.png
1629058,Dzanan Musa,https://ak-static.cms.nba.com/wp-content/uploads/headshots/nba/latest/260x190/1629058.png
203488,Mike Muscala,https://ak-static.cms.nba.com/wp-content/uploads/headshots/nba/latest/260x190/203488.png
1629004,Svi Mykhailiuk,https://ak-static.cms.nba.com/wp-content/uploads/headshots/nba/latest/260x190/1629004.png
1627846,Abdel Nader,https://ak-static.cms.nba.com/wp-content/uploads/headshots/nba/latest/260x190/1627846.png
1626204,Larry Nance Jr.,https://ak-static.cms.nba.com/wp-content/uploads/headshots/nba/latest/260x190/1626204.png
203894,Shabazz Napier,https://ak-static.cms.nba.com/wp-content/uploads/headshots/nba/latest/260x190/203894.png
1629614,Andrew Nembhard,https://ak-static.cms.nba.com/wp-content/uploads/headshots/nba/latest/260x190/1629614.png
1630612,RJ Nembhard Jr.,https://ak-static.cms.nba.com/wp-content/uploads/headshots/nba/latest/260x190/1630612.png
1630174,Aaron Nesmith,https://ak-static.cms.nba.com/wp-content/uploads/headshots/nba/latest/260x190/1630174.png
203526,Raul Neto,https://ak-static.cms.nba.com/wp-content/uploads/headshots/nba/latest/260x190/203526.png
1629005,Malik Newman,https://ak-static.cms.nba.com/wp-content/uploads/headshots/nba/latest/260x190/1629005.png
1627777,Georges Niang,https://ak-static.cms.nba.com/wp-content/uploads/headshots/nba/latest/260x190/1627777.png
1630227,Daishen Nix,https://ak-static.cms.nba.com/wp-content/uploads/headshots/nba/latest/260x190/1630227.png
1630192,Zeke Nnaji,https://ak-static.cms.nba.com/wp-content/uploads/headshots/nba/latest/260x190/1630192.png
201149,Joakim Noah,https://ak-static.cms.nba.com/wp-content/uploads/headshots/nba/latest/260x190/201149.png
203457,Nerlens Noel,https://ak-static.cms.nba.com/wp-content/uploads/headshots/nba/latest/260x190/203457.png
1629668,Zach Norvell Jr.,https://ak-static.cms.nba.com/wp-content/uploads/headshots/nba/latest/260x190/1629668.png
1629669,Jaylen Nowell,https://ak-static.cms.nba.com/wp-content/uploads/headshots/nba/latest/260x190/1629669.png
1628373,Frank Ntilikina,https://ak-static.cms.nba.com/wp-content/uploads/headshots/nba/latest/260x190/1628373.png
1629134,Kendrick Nunn,https://ak-static.cms.nba.com/wp-content/uploads/headshots/nba/latest/260x190/1629134.png
203263,James Nunnally,https://ak-static.cms.nba.com/wp-content/uploads/headshots/nba/latest/260x190/203263.png
203994,Jusuf Nurkic,https://ak-static.cms.nba.com/wp-content/uploads/headshots/nba/latest/260x190/203994.png
1628021,David Nwaba,https://ak-static.cms.nba.com/wp-content/uploads/headshots/nba/latest/260x190/1628021.png
1629670,Jordan Nwora,https://ak-static.cms.nba.com/wp-content/uploads/headshots/nba/latest/260x190/1629670.png
1626220,Royce O'Neale,https://ak-static.cms.nba.com/wp-content/uploads/headshots/nba/latest/260x190/1626220.png
203124,Kyle O'Quinn,https://ak-static.cms.nba.com/wp-content/uploads/headshots/nba/latest/260x190/203124.png
1628400,Semi Ojeleye,https://ak-static.cms.nba.com/wp-content/uploads/headshots/nba/latest/260x190/1628400.png
1626143,Jahlil Okafor,https://ak-static.cms.nba.com/wp-content/uploads/headshots/nba/latest/260x190/1626143.png
1629643,Chuma Okeke,https://ak-static.cms.nba.com/wp-content/uploads/headshots/nba/latest/260x190/1629643.png
1629059,Elie Okobo,https://ak-static.cms.nba.com/wp-content/uploads/headshots/nba/latest/260x190/1629059.png
1629006,Josh Okogie,https://ak-static.cms.nba.com/wp-content/uploads/headshots/nba/latest/260x190/1629006.png
1630168,Onyeka Okongwu,https://ak-static.cms.nba.com/wp-content/uploads/headshots/nba/latest/260x190/1630168.png
1630171,Isaac Okoro,https://ak-static.cms.nba.com/wp-content/uploads/headshots/nba/latest/260x190/1630171.png
1629644,KZ Okpala,https://ak-static.cms.nba.com/wp-content/uploads/headshots/nba/latest/260x190/1629644.png
203506,Victor Oladipo,https://ak-static.cms.nba.com/wp-content/uploads/headshots/nba/latest/260x190/203506.png
1628419,Cameron Oliver,https://ak-static.cms.nba.com/wp-content/uploads/headshots/nba/latest/260x190/1628419.png
203482,Kelly Olynyk,https://ak-static.cms.nba.com/wp-content/uploads/headshots/nba/latest/260x190/203482.png
1630647,Eugene Omoruyi,https://ak-static.cms.nba.com/wp-content/uploads/headshots/nba/latest/260x190/1630647.png
1629671,Miye Oni,https://ak-static.cms.nba.com/wp-content/uploads/headshots/nba/latest/260x190/1629671.png
1626224,Cedi Osman,https://ak-static.cms.nba.com/wp-content/uploads/headshots/nba/latest/260x190/1626224.png
1630187,Daniel Oturu,https://ak-static.cms.nba.com/wp-content/uploads/headshots/nba/latest/260x190/1630187.png
1626162,Kelly Oubre Jr.,https://ak-static.cms.nba.com/wp-content/uploads/headshots/nba/latest/260x190/1626162.png
1629745,Tariq Owens,https://ak-static.cms.nba.com/wp-content/uploads/headshots/nba/latest/260x190/1629745.png
1629873,Jaysean Paige,https://ak-static.cms.nba.com/wp-content/uploads/headshots/nba/latest/260x190/1629873.png
1629309,Trayvon Palmer,https://ak-static.cms.nba.com/wp-content/uploads/headshots/nba/latest/260x190/1629309.png
1630698,Kevin Pangos,https://ak-static.cms.nba.com/wp-content/uploads/headshots/nba/latest/260x190/1630698.png
202951,Jeremy Pargo,https://ak-static.cms.nba.com/wp-content/uploads/headshots/nba/latest/260x190/202951.png
203953,Jabari Parker,https://ak-static.cms.nba.com/wp-content/uploads/headshots/nba/latest/260x190/203953.png
202718,Chandler Parsons,https://ak-static.cms.nba.com/wp-content/uploads/headshots/nba/latest/260x190/202718.png
1629672,Eric Paschall,https://ak-static.cms.nba.com/wp-content/uploads/headshots/nba/latest/260x190/1629672.png
1628394,Anzejs Pasecniks,https://ak-static.cms.nba.com/wp-content/uploads/headshots/nba/latest/260x190/1628394.png
202335,Patrick Patterson,https://ak-static.cms.nba.com/wp-content/uploads/headshots/nba/latest/260x190/202335.png
1628383,Justin Patton,https://ak-static.cms.nba.com/wp-content/uploads/headshots/nba/latest/260x190/1628383.png
101108,Chris Paul,https://ak-static.cms.nba.com/wp-content/uploads/headshots/nba/latest/260x190/101108.png
1626166,Cameron Payne,https://ak-static.cms.nba.com/wp-content/uploads/headshots/nba/latest/260x190/1626166.png
203901,Elfrid Payton,https://ak-static.cms.nba.com/wp-content/uploads/headshots/nba/latest/260x190/203901.png
1627780,Gary Payton II,https://ak-static.cms.nba.com/wp-content/uploads/headshots/nba/latest/260x190/1627780.png
203658,Norvel Pelle,https://ak-static.cms.nba.com/wp-content/uploads/headshots/nba/latest/260x190/203658.png
1629617,Reggie Perry,https://ak-static.cms.nba.com/wp-content/uploads/headshots/nba/latest/260x190/1629617.png
1630691,Jamorko Pickett,https://ak-static.cms.nba.com/wp-content/uploads/headshots/nba/latest/260x190/1630691.png
1629033,Theo Pinson,https://ak-static.cms.nba.com/wp-content/uploads/headshots/nba/latest/260x190/1629033.png
1630590,Scotty Pippen Jr.,https://ak-static.cms.nba.com/wp-content/uploads/headshots/nba/latest/260x190/1630590.png
203486,Mason Plumlee,https://ak-static.cms.nba.com/wp-content/uploads/headshots/nba/latest/260x190/203486.png
1627751,Jakob Poeltl,https://ak-static.cms.nba.com/wp-content/uploads/headshots/nba/latest/260x190/1627751.png
1629738,Vincent Poirier,https://ak-static.cms.nba.com/wp-content/uploads/headshots/nba/latest/260x190/1629738.png
1630197,Aleksej Pokusevski,https://ak-static.cms.nba.com/wp-content/uploads/headshots/nba/latest/260x190/1630197.png
1629044,Shamorie Ponds,https://ak-static.cms.nba.com/wp-content/uploads/headshots/nba/latest/260x190/1629044.png
1630582,Yves Pons,https://ak-static.cms.nba.com/wp-content/uploads/headshots/nba/latest/260x190/1630582.png
1629673,Jordan Poole,https://ak-static.cms.nba.com/wp-content/uploads/headshots/nba/latest/260x190/1629673.png
1629007,Jontay Porter,https://ak-static.cms.nba.com/wp-content/uploads/headshots/nba/latest/260x190/1629007.png
1629645,Kevin Porter Jr.,https://ak-static.cms.nba.com/wp-content/uploads/headshots/nba/latest/260x190/1629645.png
1629008,Michael Porter Jr.,https://ak-static.cms.nba.com/wp-content/uploads/headshots/nba/latest/260x190/1629008.png
203490,Otto Porter Jr.,https://ak-static.cms.nba.com/wp-content/uploads/headshots/nba/latest/260x190/203490.png
1626171,Bobby Portis,https://ak-static.cms.nba.com/wp-content/uploads/headshots/nba/latest/260x190/1626171.png
204001,Kristaps Porzingis,https://ak-static.cms.nba.com/wp-content/uploads/headshots/nba/latest/260x190/204001.png
1630695,Micah Potter,https://ak-static.cms.nba.com/wp-content/uploads/headshots/nba/latest/260x190/1630695.png
203939,Dwight Powell,https://ak-static.cms.nba.com/wp-content/uploads/headshots/nba/latest/260x190/203939.png
1629619,Myles Powell,https://ak-static.cms.nba.com/wp-content/uploads/headshots/nba/latest/260x190/1629619.png
1626181,Norman Powell,https://ak-static.cms.nba.com/wp-content/uploads/headshots/nba/latest/260x190/1626181.png
1630554,Jason Preston,https://ak-static.cms.nba.com/wp-content/uploads/headshots/nba/latest/260x190/1630554.png
1630563,Joshua Primo,https://ak-static.cms.nba.com/wp-content/uploads/headshots/nba/latest/260x190/1630563.png
1627752,Taurean Prince,https://ak-static.cms.nba.com/wp-content/uploads/headshots/nba/latest/260x190/1627752.png
1630202,Payton Pritchard,https://ak-static.cms.nba.com/wp-content/uploads/headshots/nba/latest/260x190/1630202.png
1630243,Trevelin Queen,https://ak-static.cms.nba.com/wp-content/uploads/headshots/nba/latest/260x190/1630243.png
1629674,Neemias Queta,https://ak-static.cms.nba.com/wp-content/uploads/headshots/nba/latest/260x190/1629674.png
1630193,Immanuel Quickley,https://ak-static.cms.nba.com/wp-content/uploads/headshots/nba/latest/260x190/1630193.png
1631311,Lester Quinones,https://ak-static.cms.nba.com/wp-content/uploads/headshots/nba/latest/260x190/1631311.png
1630186,Jahmi'us Ramsey,https://ak-static.cms.nba.com/wp-content/uploads/headshots/nba/latest/260x190/1630186.png
1626184,Chasson Randle,https://ak-static.cms.nba.com/wp-content/uploads/headshots/nba/latest/260x190/1626184.png
203944,Julius Randle,https://ak-static.cms.nba.com/wp-content/uploads/headshots/nba/latest/260x190/203944.png
1630559,Austin Reaves,https://ak-static.cms.nba.com/wp-content/uploads/headshots/nba/latest/260x190/1630559.png
1629729,Josh Reaves,https://ak-static.cms.nba.com/wp-content/uploads/headshots/nba/latest/260x190/1629729.png
1629629,Cam Reddish,https://ak-static.cms.nba.com/wp-content/uploads/headshots/nba/latest/260x190/1629629.png
200755,JJ Redick,https://ak-static.cms.nba.com/wp-content/uploads/headshots/nba/latest/260x190/200755.png
1628432,Davon Reed,https://ak-static.cms.nba.com/wp-content/uploads/headshots/nba/latest/260x190/1628432.png
1630194,Paul Reed,https://ak-static.cms.nba.com/wp-content/uploads/headshots/nba/latest/260x190/1630194.png
1629675,Naz Reid,https://ak-static.cms.nba.com/wp-content/uploads/headshots/nba/latest/260x190/1629675.png
1629244,Cam Reynolds,https://ak-static.cms.nba.com/wp-content/uploads/headshots/nba/latest/260x190/1629244.png
1631197,Jared Rhoden,https://ak-static.cms.nba.com/wp-content/uploads/headshots/nba/latest/260x190/1631197.png
1630208,Nick Richards,https://ak-static.cms.nba.com/wp-content/uploads/headshots/nba/latest/260x190/1630208.png
1626196,Josh Richardson,https://ak-static.cms.nba.com/wp-content/uploads/headshots/nba/latest/260x190/1626196.png
1630203,Grant Riller,https://ak-static.cms.nba.com/wp-content/uploads/headshots/nba/latest/260x190/1630203.png
203085,Austin Rivers,https://ak-static.cms.nba.com/wp-content/uploads/headshots/nba/latest/260x190/203085.png
203460,Andre Roberson,https://ak-static.cms.nba.com/wp-content/uploads/headshots/nba/latest/260x190/203460.png
1629130,Duncan Robinson,https://ak-static.cms.nba.com/wp-content/uploads/headshots/nba/latest/260x190/1629130.png
1629010,Jerome Robinson,https://ak-static.cms.nba.com/wp-content/uploads/headshots/nba/latest/260x190/1629010.png
1629620,Justin Robinson,https://ak-static.cms.nba.com/wp-content/uploads/headshots/nba/latest/260x190/1629620.png
1629011,Mitchell Robinson,https://ak-static.cms.nba.com/wp-content/uploads/headshots/nba/latest/260x190/1629011.png
1631115,Orlando Robinson,https://ak-static.cms.nba.com/wp-content/uploads/headshots/nba/latest/260x190/1631115.png
203922,Glenn Robinson III,https://ak-static.cms.nba.com/wp-content/uploads/headshots/nba/latest/260x190/203922.png
1630526,Jeremiah Robinson-Earl,https://ak-static.cms.nba.com/wp-content/uploads/headshots/nba/latest/260x190/1630526.png
1629676,Isaiah Roby,https://ak-static.cms.nba.com/wp-content/uploads/headshots/nba/latest/260x190/1629676.png
1631223,David Roddy,https://ak-static.cms.nba.com/wp-content/uploads/headshots/nba/latest/260x190/1631223.png
1631157,Ryan Rollins,https://ak-static.cms.nba.com/wp-content/uploads/headshots/nba/latest/260x190/1631157.png
200765,Rajon Rondo,https://ak-static.cms.nba.com/wp-content/uploads/headshots/nba/latest/260x190/200765.png
201565,Derrick Rose,https://ak-static.cms.nba.com/wp-content/uploads/headshots/nba/latest/260x190/201565.png
203082,Terrence Ross,https://ak-static.cms.nba.com/wp-content/uploads/headshots/nba/latest/260x190/203082.png
1626179,Terry Rozier,https://ak-static.cms.nba.com/wp-content/uploads/headshots/nba/latest/260x190/1626179.png
201937,Ricky Rubio,https://ak-static.cms.nba.com/wp-content/uploads/headshots/nba/latest/260x190/201937.png
1626156,D'Angelo Russell,https://ak-static.cms.nba.com/wp-content/uploads/headshots/nba/latest/260x190/1626156.png
1630346,Matt Ryan,https://ak-static.cms.nba.com/wp-content/uploads/headshots/nba/latest/260x190/1630346.png
1627734,Domantas Sabonis,https://ak-static.cms.nba.com/wp-content/uploads/headshots/nba/latest/260x190/1627734.png
1629677,Luka Samanic,https://ak-static.cms.nba.com/wp-content/uploads/headshots/nba/latest/260x190/1629677.png
203960,JaKarr Sampson,https://ak-static.cms.nba.com/wp-content/uploads/headshots/nba/latest/260x190/203960.png
203967,Dario Saric,https://ak-static.cms.nba.com/wp-content/uploads/headshots/nba/latest/260x190/203967.png
1630846,Olivier Sarr,https://ak-static.cms.nba.com/wp-content/uploads/headshots/nba/latest/260x190/1630846.png
203107,Tomas Satoransky,https://ak-static.cms.nba.com/wp-content/uploads/headshots/nba/latest/260x190/203107.png
1630648,Jordan Schakel,https://ak-static.cms.nba.com/wp-content/uploads/headshots/nba/latest/260x190/1630648.png
1629678,Admiral Schofield,https://ak-static.cms.nba.com/wp-content/uploads/headshots/nba/latest/260x190/1629678.png
203471,Dennis Schroder,https://ak-static.cms.nba.com/wp-content/uploads/headshots/nba/latest/260x190/203471.png
203118,Mike Scott,https://ak-static.cms.nba.com/wp-content/uploads/headshots/nba/latest/260x190/203118.png
1630286,Trevon Scott,https://ak-static.cms.nba.com/wp-content/uploads/headshots/nba/latest/260x190/1630286.png
1630206,Jay Scrubb,https://ak-static.cms.nba.com/wp-content/uploads/headshots/nba/latest/260x190/1630206.png
1631220,Dereon Seabron,https://ak-static.cms.nba.com/wp-content/uploads/headshots/nba/latest/260x190/1631220.png
200757,Thabo Sefolosha,https://ak-static.cms.nba.com/wp-content/uploads/headshots/nba/latest/260x190/200757.png
1627782,Wayne Selden,https://ak-static.cms.nba.com/wp-content/uploads/headshots/nba/latest/260x190/1627782.png
1630578,Alperen Sengun,https://ak-static.cms.nba.com/wp-content/uploads/headshots/nba/latest/260x190/1630578.png
1629012,Collin Sexton,https://ak-static.cms.nba.com/wp-content/uploads/headshots/nba/latest/260x190/1629012.png
1629013,Landry Shamet,https://ak-static.cms.nba.com/wp-content/uploads/headshots/nba/latest/260x190/1629013.png
1630549,Day'Ron Sharpe,https://ak-static.cms.nba.com/wp-content/uploads/headshots/nba/latest/260x190/1630549.png
1631101,Shaedon Sharpe,https://ak-static.cms.nba.com/wp-content/uploads/headshots/nba/latest/260x190/1631101.png
1629621,Marial Shayok,https://ak-static.cms.nba.com/wp-content/uploads/headshots/nba/latest/260x190/1629621.png
202697,Iman Shumpert,https://ak-static.cms.nba.com/wp-content/uploads/headshots/nba/latest/260x190/202697.png
1627783,Pascal Siakam,https://ak-static.cms.nba.com/wp-content/uploads/headshots/nba/latest/260x190/1627783.png
1629735,Chris Silva,https://ak-static.cms.nba.com/wp-content/uploads/headshots/nba/latest/260x190/1629735.png
1627732,Ben Simmons,https://ak-static.cms.nba.com/wp-content/uploads/headshots/nba/latest/260x190/1627732.png
1628424,Kobi Simmons,https://ak-static.cms.nba.com/wp-content/uploads/headshots/nba/latest/260x190/1628424.png
1630250,Marko Simonovic,https://ak-static.cms.nba.com/wp-content/uploads/headshots/nba/latest/260x190/1630250.png
1629014,Anfernee Simons,https://ak-static.cms.nba.com/wp-content/uploads/headshots/nba/latest/260x190/1629014.png
1630285,Zavier Simpson,https://ak-static.cms.nba.com/wp-content/uploads/headshots/nba/latest/260x190/1630285.png
1630579,Jericho Sims,https://ak-static.cms.nba.com/wp-content/uploads/headshots/nba/latest/260x190/1630579.png
1629686,Deividas Sirvydis,https://ak-static.cms.nba.com/wp-content/uploads/headshots/nba/latest/260x190/1629686.png
1629346,Alen Smailagic,https://ak-static.cms.nba.com/wp-content/uploads/headshots/nba/latest/260x190/1629346.png
1630606,Javonte Smart,https://ak-static.cms.nba.com/wp-content/uploads/headshots/nba/latest/260x190/1630606.png
203935,Marcus Smart,https://ak-static.cms.nba.com/wp-content/uploads/headshots/nba/latest/260x190/203935.png
1630696,Dru Smith,https://ak-static.cms.nba.com/wp-content/uploads/headshots/nba/latest/260x190/1630696.png
202397,Ish Smith,https://ak-static.cms.nba.com/wp-content/uploads/headshots/nba/latest/260x190/202397.png
2747,JR Smith,https://ak-static.cms.nba.com/wp-content/uploads/headshots/nba/latest/260x190/2747.png
1630188,Jalen Smith,https://ak-static.cms.nba.com/wp-content/uploads/headshots/nba/latest/260x190/1630188.png
1629015,Zhaire Smith,https://ak-static.cms.nba.com/wp-content/uploads/headshots/nba/latest/260x190/1629015.png
1628372,Dennis Smith Jr.,https://ak-static.cms.nba.com/wp-content/uploads/headshots/nba/latest/260x190/1628372.png
1631095,Jabari Smith Jr.,https://ak-static.cms.nba.com/wp-content/uploads/headshots/nba/latest/260x190/1631095.png
1630270,Xavier Sneed,https://ak-static.cms.nba.com/wp-content/uploads/headshots/nba/latest/260x190/1630270.png
203503,Tony Snell,https://ak-static.cms.nba.com/wp-content/uploads/headshots/nba/latest/260x190/203503.png
1631110,Jeremy Sochan,https://ak-static.cms.nba.com/wp-content/uploads/headshots/nba/latest/260x190/1631110.png
1629034,Ray Spalding,https://ak-static.cms.nba.com/wp-content/uploads/headshots/nba/latest/260x190/1629034.png
1629016,Omari Spellman,https://ak-static.cms.nba.com/wp-content/uploads/headshots/nba/latest/260x190/1629016.png
1630531,Jaden Springer,https://ak-static.cms.nba.com/wp-content/uploads/headshots/nba/latest/260x190/1630531.png
1630199,Cassius Stanley,https://ak-static.cms.nba.com/wp-content/uploads/headshots/nba/latest/260x190/1630199.png
203917,Nik Stauskas,https://ak-static.cms.nba.com/wp-content/uploads/headshots/nba/latest/260x190/203917.png
202362,Lance Stephenson,https://ak-static.cms.nba.com/wp-content/uploads/headshots/nba/latest/260x190/202362.png
1630205,Lamar Stevens,https://ak-static.cms.nba.com/wp-content/uploads/headshots/nba/latest/260x190/1630205.png
1630597,DJ Stewart,https://ak-static.cms.nba.com/wp-content/uploads/headshots/nba/latest/260x190/1630597.png
1630191,Isaiah Stewart,https://ak-static.cms.nba.com/wp-content/uploads/headshots/nba/latest/260x190/1630191.png
1629622,Max Strus,https://ak-static.cms.nba.com/wp-content/uploads/headshots/nba/latest/260x190/1629622.png
1630591,Jalen Suggs,https://ak-static.cms.nba.com/wp-content/uploads/headshots/nba/latest/260x190/1630591.png
1628410,Edmond Sumner,https://ak-static.cms.nba.com/wp-content/uploads/headshots/nba/latest/260x190/1628410.png
1628403,Caleb Swanigan,https://ak-static.cms.nba.com/wp-content/uploads/headshots/nba/latest/260x190/1628403.png
1631306,Cole Swider,https://ak-static.cms.nba.com/wp-content/uploads/headshots/nba/latest/260x190/1631306.png
1628591,Craig Sword,https://ak-static.cms.nba.com/wp-content/uploads/headshots/nba/latest/260x190/1628591.png
1626208,Keifer Sykes,https://ak-static.cms.nba.com/wp-content/uploads/headshots/nba/latest/260x190/1626208.png
1630256,Jae'Sean Tate,https://ak-static.cms.nba.com/wp-content/uploads/headshots/nba/latest/260x190/1630256.png
1628369,Jayson Tatum,https://ak-static.cms.nba.com/wp-content/uploads/headshots/nba/latest/260x190/1628369.png
1630678,Terry Taylor,https://ak-static.cms.nba.com/wp-content/uploads/headshots/nba/latest/260x190/1630678.png
201952,Jeff Teague,https://ak-static.cms.nba.com/wp-content/uploads/headshots/nba/latest/260x190/201952.png
202066,Garrett Temple,https://ak-static.cms.nba.com/wp-content/uploads/headshots/nba/latest/260x190/202066.png
1631207,Dalen Terry,https://ak-static.cms.nba.com/wp-content/uploads/headshots/nba/latest/260x190/1631207.png
1629150,Emanuel Terry,https://ak-static.cms.nba.com/wp-content/uploads/headshots/nba/latest/260x190/1629150.png
1630179,Tyrell Terry,https://ak-static.cms.nba.com/wp-content/uploads/headshots/nba/latest/260x190/1630179.png
1630257,Jon Teske,https://ak-static.cms.nba.com/wp-content/uploads/headshots/nba/latest/260x190/1630257.png
1628464,Daniel Theis,https://ak-static.cms.nba.com/wp-content/uploads/headshots/nba/latest/260x190/1628464.png
1630271,Brodric Thomas,https://ak-static.cms.nba.com/wp-content/uploads/headshots/nba/latest/260x190/1630271.png
1630560,Cam Thomas,https://ak-static.cms.nba.com/wp-content/uploads/headshots/nba/latest/260x190/1630560.png
202738,Isaiah Thomas,https://ak-static.cms.nba.com/wp-content/uploads/headshots/nba/latest/260x190/202738.png
1629017,Khyri Thomas,https://ak-static.cms.nba.com/wp-content/uploads/headshots/nba/latest/260x190/1629017.png
202498,Lance Thomas,https://ak-static.cms.nba.com/wp-content/uploads/headshots/nba/latest/260x190/202498.png
1629744,Matt Thomas,https://ak-static.cms.nba.com/wp-content/uploads/headshots/nba/latest/260x190/1629744.png
202691,Klay Thompson,https://ak-static.cms.nba.com/wp-content/uploads/headshots/nba/latest/260x190/202691.png
202684,Tristan Thompson,https://ak-static.cms.nba.com/wp-content/uploads/headshots/nba/latest/260x190/202684.png
1630550,JT Thor,https://ak-static.cms.nba.com/wp-content/uploads/headshots/nba/latest/260x190/1630550.png
1628414,Sindarius Thornwell,https://ak-static.cms.nba.com/wp-content/uploads/headshots/nba/latest/260x190/1628414.png
1629680,Matisse Thybulle,https://ak-static.cms.nba.com/wp-content/uploads/headshots/nba/latest/260x190/1629680.png
1629681,Killian Tillie,https://ak-static.cms.nba.com/wp-content/uploads/headshots/nba/latest/260x190/1629681.png
1630214,Xavier Tillman,https://ak-static.cms.nba.com/wp-content/uploads/headshots/nba/latest/260x190/1630214.png
1630225,Isaiah Todd,https://ak-static.cms.nba.com/wp-content/uploads/headshots/nba/latest/260x190/1630225.png
201229,Anthony Tolliver,https://ak-static.cms.nba.com/wp-content/uploads/headshots/nba/latest/260x190/201229.png
1630167,Obi Toppin,https://ak-static.cms.nba.com/wp-content/uploads/headshots/nba/latest/260x190/1630167.png
1629308,Juan Toscano-Anderson,https://ak-static.cms.nba.com/wp-content/uploads/headshots/nba/latest/260x190/1629308.png
1626253,Axel Toupane,https://ak-static.cms.nba.com/wp-content/uploads/headshots/nba/latest/260x190/1626253.png
1626157,Karl-Anthony Towns,https://ak-static.cms.nba.com/wp-content/uploads/headshots/nba/latest/260x190/1626157.png
1629018,Gary Trent Jr.,https://ak-static.cms.nba.com/wp-content/uploads/headshots/nba/latest/260x190/1629018.png
1629019,Allonzo Trier,https://ak-static.cms.nba.com/wp-content/uploads/headshots/nba/latest/260x190/1629019.png
200782,P.J. Tucker,https://ak-static.cms.nba.com/wp-content/uploads/headshots/nba/latest/260x190/200782.png
1629730,Rayjon Tucker,https://ak-static.cms.nba.com/wp-content/uploads/headshots/nba/latest/260x190/1629730.png
202323,Evan Turner,https://ak-static.cms.nba.com/wp-content/uploads/headshots/nba/latest/260x190/202323.png
1626167,Myles Turner,https://ak-static.cms.nba.com/wp-content/uploads/headshots/nba/latest/260x190/1626167.png
1630649,Stanley Umude,https://ak-static.cms.nba.com/wp-content/uploads/headshots/nba/latest/260x190/1630649.png
1627784,Jarrod Uthoff,https://ak-static.cms.nba.com/wp-content/uploads/headshots/nba/latest/260x190/1627784.png
202685,Jonas Valanciunas,https://ak-static.cms.nba.com/wp-content/uploads/headshots/nba/latest/260x190/202685.png
1627756,Denzel Valentine,https://ak-static.cms.nba.com/wp-content/uploads/headshots/nba/latest/260x190/1627756.png
1627832,Fred VanVleet,https://ak-static.cms.nba.com/wp-content/uploads/headshots/nba/latest/260x190/1627832.png
1629020,Jarred Vanderbilt,https://ak-static.cms.nba.com/wp-content/uploads/headshots/nba/latest/260x190/1629020.png
2760,Anderson Varejao,https://ak-static.cms.nba.com/wp-content/uploads/headshots/nba/latest/260x190/2760.png
1630170,Devin Vassell,https://ak-static.cms.nba.com/wp-content/uploads/headshots/nba/latest/260x190/1630170.png
1630492,Luca Vildoza,https://ak-static.cms.nba.com/wp-content/uploads/headshots/nba/latest/260x190/1630492.png
1629216,Gabe Vincent,https://ak-static.cms.nba.com/wp-content/uploads/headshots/nba/latest/260x190/1629216.png
203943,Noah Vonleh,https://ak-static.cms.nba.com/wp-content/uploads/headshots/nba/latest/260x190/203943.png
202696,Nikola Vucevic,https://ak-static.cms.nba.com/wp-content/uploads/headshots/nba/latest/260x190/202696.png
1629731,Dean Wade,https://ak-static.cms.nba.com/wp-content/uploads/headshots/nba/latest/260x190/1629731.png
1630532,Franz Wagner,https://ak-static.cms.nba.com/wp-content/uploads/headshots/nba/latest/260x190/1630532.png
1629021,Moritz Wagner,https://ak-static.cms.nba.com/wp-content/uploads/headshots/nba/latest/260x190/1629021.png
1630688,Ish Wainright,https://ak-static.cms.nba.com/wp-content/uploads/headshots/nba/latest/260x190/1630688.png
203079,Dion Waiters,https://ak-static.cms.nba.com/wp-content/uploads/headshots/nba/latest/260x190/203079.png
1631133,Jabari Walker,https://ak-static.cms.nba.com/wp-content/uploads/headshots/nba/latest/260x190/1631133.png
202689,Kemba Walker,https://ak-static.cms.nba.com/wp-content/uploads/headshots/nba/latest/260x190/202689.png
1630640,MJ Walker,https://ak-static.cms.nba.com/wp-content/uploads/headshots/nba/latest/260x190/1630640.png
1629022,Lonnie Walker IV,https://ak-static.cms.nba.com/wp-content/uploads/headshots/nba/latest/260x190/1629022.png
202322,John Wall,https://ak-static.cms.nba.com/wp-content/uploads/headshots/nba/latest/260x190/202322.png
1627820,Tyrone Wallace,https://ak-static.cms.nba.com/wp-content/uploads/headshots/nba/latest/260x190/1627820.png
1628476,Derrick Walton Jr.,https://ak-static.cms.nba.com/wp-content/uploads/headshots/nba/latest/260x190/1628476.png
202954,Brad Wanamaker,https://ak-static.cms.nba.com/wp-content/uploads/headshots/nba/latest/260x190/202954.png
203933,T.J. Warren,https://ak-static.cms.nba.com/wp-content/uploads/headshots/nba/latest/260x190/203933.png
1629023,P.J. Washington,https://ak-static.cms.nba.com/wp-content/uploads/headshots/nba/latest/260x190/1629023.png
1630613,Duane Washington Jr.,https://ak-static.cms.nba.com/wp-content/uploads/headshots/nba/latest/260x190/1630613.png
1631102,TyTy Washington Jr.,https://ak-static.cms.nba.com/wp-content/uploads/headshots/nba/latest/260x190/1631102.png
1629139,Yuta Watanabe,https://ak-static.cms.nba.com/wp-content/uploads/headshots/nba/latest/260x190/1629139.png
1629682,Tremont Waters,https://ak-static.cms.nba.com/wp-content/uploads/headshots/nba/latest/260x190/1629682.png
1630322,Lindy Waters III,https://ak-static.cms.nba.com/wp-content/uploads/headshots/nba/latest/260x190/1630322.png
1630570,Trendon Watford,https://ak-static.cms.nba.com/wp-content/uploads/headshots/nba/latest/260x190/1630570.png
1628778,Paul Watson,https://ak-static.cms.nba.com/wp-content/uploads/headshots/nba/latest/260x190/1628778.png
1631212,Peyton Watson,https://ak-static.cms.nba.com/wp-content/uploads/headshots/nba/latest/260x190/1631212.png
1629683,Quinndary Weatherspoon,https://ak-static.cms.nba.com/wp-content/uploads/headshots/nba/latest/260x190/1629683.png
1631104,Blake Wesley,https://ak-static.cms.nba.com/wp-content/uploads/headshots/nba/latest/260x190/1631104.png
201566,Russell Westbrook,https://ak-static.cms.nba.com/wp-content/uploads/headshots/nba/latest/260x190/201566.png
1629632,Coby White,https://ak-static.cms.nba.com/wp-content/uploads/headshots/nba/latest/260x190/1629632.png
1628401,Derrick White,https://ak-static.cms.nba.com/wp-content/uploads/headshots/nba/latest/260x190/1628401.png
1631298,Jack White,https://ak-static.cms.nba.com/wp-content/uploads/headshots/nba/latest/260x190/1631298.png
202355,Hassan Whiteside,https://ak-static.cms.nba.com/wp-content/uploads/headshots/nba/latest/260x190/202355.png
204222,Greg Whittington,https://ak-static.cms.nba.com/wp-content/uploads/headshots/nba/latest/260x190/204222.png
1630580,Joe Wieskamp,https://ak-static.cms.nba.com/wp-content/uploads/headshots/nba/latest/260x190/1630580.png
1630598,Aaron Wiggins,https://ak-static.cms.nba.com/wp-content/uploads/headshots/nba/latest/260x190/1630598.png
203952,Andrew Wiggins,https://ak-static.cms.nba.com/wp-content/uploads/headshots/nba/latest/260x190/203952.png
1629623,Lindell Wigginton,https://ak-static.cms.nba.com/wp-content/uploads/headshots/nba/latest/260x190/1629623.png
1631214,Alondes Williams,https://ak-static.cms.nba.com/wp-content/uploads/headshots/nba/latest/260x190/1631214.png
1630314,Brandon Williams,https://ak-static.cms.nba.com/wp-content/uploads/headshots/nba/latest/260x190/1630314.png
1631495,Donovan Williams,https://ak-static.cms.nba.com/wp-content/uploads/headshots/nba/latest/260x190/1631495.png
1629684,Grant Williams,https://ak-static.cms.nba.com/wp-content/uploads/headshots/nba/latest/260x190/1629684.png
1631114,Jalen Williams,https://ak-static.cms.nba.com/wp-content/uploads/headshots/nba/latest/260x190/1631114.png
1631119,Jaylin Williams,https://ak-static.cms.nba.com/wp-content/uploads/headshots/nba/latest/260x190/1631119.png
1631466,Jeenathan Williams,https://ak-static.cms.nba.com/wp-content/uploads/headshots/nba/latest/260x190/1631466.png
1629140,Johnathan Williams,https://ak-static.cms.nba.com/wp-content/uploads/headshots/nba/latest/260x190/1629140.png
1629026,Kenrich Williams,https://ak-static.cms.nba.com/wp-content/uploads/headshots/nba/latest/260x190/1629026.png
101150,Lou Williams,https://ak-static.cms.nba.com/wp-content/uploads/headshots/nba/latest/260x190/101150.png
1631109,Mark Williams,https://ak-static.cms.nba.com/wp-content/uploads/headshots/nba/latest/260x190/1631109.png
101107,Marvin Williams,https://ak-static.cms.nba.com/wp-content/uploads/headshots/nba/latest/260x190/101107.png
1630172,Patrick Williams,https://ak-static.cms.nba.com/wp-content/uploads/headshots/nba/latest/260x190/1630172.png
1630533,Ziaire Williams,https://ak-static.cms.nba.com/wp-content/uploads/headshots/nba/latest/260x190/1630533.png
1629057,Robert Williams III,https://ak-static.cms.nba.com/wp-content/uploads/headshots/nba/latest/260x190/1629057.png
1631246,Vince Williams Jr.,https://ak-static.cms.nba.com/wp-content/uploads/headshots/nba/latest/260x190/1631246.png
1628430,Nigel Williams-Goss,https://ak-static.cms.nba.com/wp-content/uploads/headshots/nba/latest/260x190/1628430.png
1629627,Zion Williamson,https://ak-static.cms.nba.com/wp-content/uploads/headshots/nba/latest/260x190/1629627.png
1628391,D.J. Wilson,https://ak-static.cms.nba.com/wp-content/uploads/headshots/nba/latest/260x190/1628391.png
1629685,Dylan Windler,https://ak-static.cms.nba.com/wp-content/uploads/headshots/nba/latest/260x190/1629685.png
1626159,Justise Winslow,https://ak-static.cms.nba.com/wp-content/uploads/headshots/nba/latest/260x190/1626159.png
1630216,Cassius Winston,https://ak-static.cms.nba.com/wp-content/uploads/headshots/nba/latest/260x190/1630216.png
1630164,James Wiseman,https://ak-static.cms.nba.com/wp-content/uploads/headshots/nba/latest/260x190/1630164.png
1626174,Christian Wood,https://ak-static.cms.nba.com/wp-content/uploads/headshots/nba/latest/260x190/1626174.png
1630218,Robert Woodard II,https://ak-static.cms.nba.com/wp-content/uploads/headshots/nba/latest/260x190/1630218.png
1629624,Kenny Wooten,https://ak-static.cms.nba.com/wp-content/uploads/headshots/nba/latest/260x190/1629624.png
1626153,Delon Wright,https://ak-static.cms.nba.com/wp-content/uploads/headshots/nba/latest/260x190/1626153.png
1630589,Moses Wright,https://ak-static.cms.nba.com/wp-content/uploads/headshots/nba/latest/260x190/1630589.png
1630593,McKinley Wright IV,https://ak-static.cms.nba.com/wp-content/uploads/headshots/nba/latest/260x190/1630593.png
1629625,Justin Wright-Foreman,https://ak-static.cms.nba.com/wp-content/uploads/headshots/nba/latest/260x190/1629625.png
1628221,Gabe York,https://ak-static.cms.nba.com/wp-content/uploads/headshots/nba/latest/260x190/1628221.png
201152,Thaddeus Young,https://ak-static.cms.nba.com/wp-content/uploads/headshots/nba/latest/260x190/201152.png
1629027,Trae Young,https://ak-static.cms.nba.com/wp-content/uploads/headshots/nba/latest/260x190/1629027.png
1630209,Omer Yurtseven,https://ak-static.cms.nba.com/wp-content/uploads/headshots/nba/latest/260x190/1630209.png
203469,Cody Zeller,https://ak-static.cms.nba.com/wp-content/uploads/headshots/nba/latest/260x190/203469.png
203092,Tyler Zeller,https://ak-static.cms.nba.com/wp-content/uploads/headshots/nba/latest/260x190/203092.png
1627790,Ante Zizic,https://ak-static.cms.nba.com/wp-content/uploads/headshots/nba/latest/260x190/1627790.png
1627826,Ivica Zubac,https://ak-static.cms.nba.com/wp-content/uploads/headshots/nba/latest/260x190/1627826.png
